web-scraper-order,web-scraper-start-url,name,price,country_raw,quantity,value,country,name_raw_len,bio,non_alcoholic,premium,wine_category,price_category,quantity_in_cl,price_per_10cl,country_code,latitude,longitude,consumption_in_l,ABV
1734709733-4,https://www.coop.ch/de/weine/alle-weine/c/m_2508pn=20,"prosecco superiore di valdobbiadene conegliano docg carpené malvolti, extra dry",10.95,Italien,75cl,1.46/10cl,Italien,79,0,0,1,SCHAUMWEIN,Mid-Range,75,1.46,ITA,41.87194,12.56738,4.83,11.0
1734709733-6,https://www.coop.ch/de/weine/alle-weine/c/m_2508pn=20,"champagne aoc charles bertin, brut",19.5,Frankreich,75cl,2.60/10cl,Frankreich,34,0,0,0,SCHAUMWEIN,Mid-Range,75,2.6,FRA,46.227638,2.213749,6.44,12.0
1734709733-7,https://www.coop.ch/de/weine/alle-weine/c/m_2508pn=20,"prosecco doc vigne dei dogi, extra dry",6.95,Italien,75cl,0.93/10cl,Italien,38,0,0,0,SCHAUMWEIN,Budget,75,0.93,ITA,41.87194,12.56738,4.83,11.0
1734709733-9,https://www.coop.ch/de/weine/alle-weine/c/m_2508pn=20,blu secco dose vino frizzante 6x20cl,8.7,Italien,120cl,0.73/10cl,Italien,36,0,0,0,SCHAUMWEIN,Budget,120,0.73,ITA,41.87194,12.56738,4.83,8.0
1734709733-10,https://www.coop.ch/de/weine/alle-weine/c/m_2508pn=20,toscana igt rosso villa antinori,12.95,"Italien, 2022",75cl,1.73/10cl,Italien,32,0,0,0,ROTWEIN,Mid-Range,75,1.73,ITA,41.87194,12.56738,4.83,5.0
1734709733-11,https://www.coop.ch/de/weine/alle-weine/c/m_2508pn=20,terre siciliane igt nero d'avola bromeus,13.95,"Italien, 2022",75cl,1.86/10cl,Italien,40,0,0,0,ROTWEIN,Mid-Range,75,1.86,ITA,41.87194,12.56738,4.83,13.0
1734709733-14,https://www.coop.ch/de/weine/alle-weine/c/m_2508pn=20,alsace aop gewürztraminer baron de hoen beblenheim,7.35,"Frankreich, 2022",75cl,0.98/10cl,Frankreich,50,0,0,0,GLÜHWEIN,Budget,75,0.98,FRA,46.227638,2.213749,6.44,13.0
1734709733-18,https://www.coop.ch/de/weine/alle-weine/c/m_2508pn=20,toscana igt bianco villa antinori,12.5,"Italien, 2023",75cl,1.67/10cl,Italien,33,0,0,0,WEISSWEIN,Mid-Range,75,1.67,ITA,41.87194,12.56738,4.83,5.0
1734709733-19,https://www.coop.ch/de/weine/alle-weine/c/m_2508pn=20,"naturaplan bio-crémant d'alsace aoc wolfberger, brut",10.95,Frankreich,75cl,1.46/10cl,Frankreich,52,1,0,0,SCHAUMWEIN,Mid-Range,75,1.46,FRA,46.227638,2.213749,6.44,11.0
1734709733-21,https://www.coop.ch/de/weine/alle-weine/c/m_2508pn=20,valdo prosecco di valdobbiadene docg,9.95,Italien,75cl,1.33/10cl,Italien,36,0,0,0,SCHAUMWEIN,Budget,75,1.33,ITA,41.87194,12.56738,4.83,11.0
1734709733-24,https://www.coop.ch/de/weine/alle-weine/c/m_2508pn=20,"champagne aoc impérial moët & chandon, brut",38.5,Frankreich,75cl,5.13/10cl,Frankreich,43,0,0,0,SCHAUMWEIN,Premium,75,5.13,FRA,46.227638,2.213749,6.44,12.0
1734709733-25,https://www.coop.ch/de/weine/alle-weine/c/m_2508pn=20,bourgogne aoc chardonnay louis jadot,18.95,"Frankreich, 2022",75cl,2.53/10cl,Frankreich,36,0,0,0,WEISSWEIN,Mid-Range,75,2.53,FRA,46.227638,2.213749,6.44,13.0
1734709733-27,https://www.coop.ch/de/weine/alle-weine/c/m_2508pn=20,legaris crianza ribera del duero do,25.5,"Spanien, 2021",75cl,3.40/10cl,Spanien,35,0,0,0,UNCATEGORIZED,Mid-Range,75,3.4,ESP,40.463667,-3.74922,3.52,13.0
1734709733-28,https://www.coop.ch/de/weine/alle-weine/c/m_2508pn=20,ripasso della valpolicella doc superiore vigne alte zeni,9.85,"Italien, 2022",75cl,1.31/10cl,Italien,56,0,0,1,UNCATEGORIZED,Budget,75,1.31,ITA,41.87194,12.56738,4.83,13.0
1734709733-29,https://www.coop.ch/de/weine/alle-weine/c/m_2508pn=20,vino nobile di montepulciano docg tenuta trerose,16.95,"Italien, 2020",75cl,2.26/10cl,Italien,48,0,0,0,UNCATEGORIZED,Mid-Range,75,2.26,ITA,41.87194,12.56738,4.83,13.0
1734709737-33,https://www.coop.ch/de/weine/alle-weine/c/m_2508pn=19,"prosecco superiore di valdobbiadene conegliano docg carpené malvolti, extra dry",10.95,Italien,75cl,1.46/10cl,Italien,79,0,0,1,SCHAUMWEIN,Mid-Range,75,1.46,ITA,41.87194,12.56738,4.83,11.0
1734709737-35,https://www.coop.ch/de/weine/alle-weine/c/m_2508pn=19,"champagne aoc charles bertin, brut",19.5,Frankreich,75cl,2.60/10cl,Frankreich,34,0,0,0,SCHAUMWEIN,Mid-Range,75,2.6,FRA,46.227638,2.213749,6.44,12.0
1734709737-36,https://www.coop.ch/de/weine/alle-weine/c/m_2508pn=19,"prosecco doc vigne dei dogi, extra dry",6.95,Italien,75cl,0.93/10cl,Italien,38,0,0,0,SCHAUMWEIN,Budget,75,0.93,ITA,41.87194,12.56738,4.83,11.0
1734709737-38,https://www.coop.ch/de/weine/alle-weine/c/m_2508pn=19,blu secco dose vino frizzante 6x20cl,8.7,Italien,120cl,0.73/10cl,Italien,36,0,0,0,SCHAUMWEIN,Budget,120,0.73,ITA,41.87194,12.56738,4.83,8.0
1734709737-39,https://www.coop.ch/de/weine/alle-weine/c/m_2508pn=19,toscana igt rosso villa antinori,12.95,"Italien, 2022",75cl,1.73/10cl,Italien,32,0,0,0,ROTWEIN,Mid-Range,75,1.73,ITA,41.87194,12.56738,4.83,5.0
1734709737-40,https://www.coop.ch/de/weine/alle-weine/c/m_2508pn=19,terre siciliane igt nero d'avola bromeus,13.95,"Italien, 2022",75cl,1.86/10cl,Italien,40,0,0,0,ROTWEIN,Mid-Range,75,1.86,ITA,41.87194,12.56738,4.83,13.0
1734709737-43,https://www.coop.ch/de/weine/alle-weine/c/m_2508pn=19,alsace aop gewürztraminer baron de hoen beblenheim,7.35,"Frankreich, 2022",75cl,0.98/10cl,Frankreich,50,0,0,0,GLÜHWEIN,Budget,75,0.98,FRA,46.227638,2.213749,6.44,13.0
1734709737-47,https://www.coop.ch/de/weine/alle-weine/c/m_2508pn=19,toscana igt bianco villa antinori,12.5,"Italien, 2023",75cl,1.67/10cl,Italien,33,0,0,0,WEISSWEIN,Mid-Range,75,1.67,ITA,41.87194,12.56738,4.83,5.0
1734709737-48,https://www.coop.ch/de/weine/alle-weine/c/m_2508pn=19,"naturaplan bio-crémant d'alsace aoc wolfberger, brut",10.95,Frankreich,75cl,1.46/10cl,Frankreich,52,1,0,0,SCHAUMWEIN,Mid-Range,75,1.46,FRA,46.227638,2.213749,6.44,11.0
1734709737-50,https://www.coop.ch/de/weine/alle-weine/c/m_2508pn=19,valdo prosecco di valdobbiadene docg,9.95,Italien,75cl,1.33/10cl,Italien,36,0,0,0,SCHAUMWEIN,Budget,75,1.33,ITA,41.87194,12.56738,4.83,11.0
1734709737-53,https://www.coop.ch/de/weine/alle-weine/c/m_2508pn=19,"champagne aoc impérial moët & chandon, brut",38.5,Frankreich,75cl,5.13/10cl,Frankreich,43,0,0,0,SCHAUMWEIN,Premium,75,5.13,FRA,46.227638,2.213749,6.44,12.0
1734709737-54,https://www.coop.ch/de/weine/alle-weine/c/m_2508pn=19,bourgogne aoc chardonnay louis jadot,18.95,"Frankreich, 2022",75cl,2.53/10cl,Frankreich,36,0,0,0,WEISSWEIN,Mid-Range,75,2.53,FRA,46.227638,2.213749,6.44,13.0
1734709737-56,https://www.coop.ch/de/weine/alle-weine/c/m_2508pn=19,legaris crianza ribera del duero do,25.5,"Spanien, 2021",75cl,3.40/10cl,Spanien,35,0,0,0,UNCATEGORIZED,Mid-Range,75,3.4,ESP,40.463667,-3.74922,3.52,13.0
1734709737-57,https://www.coop.ch/de/weine/alle-weine/c/m_2508pn=19,ripasso della valpolicella doc superiore vigne alte zeni,9.85,"Italien, 2022",75cl,1.31/10cl,Italien,56,0,0,1,UNCATEGORIZED,Budget,75,1.31,ITA,41.87194,12.56738,4.83,13.0
1734709737-58,https://www.coop.ch/de/weine/alle-weine/c/m_2508pn=19,vino nobile di montepulciano docg tenuta trerose,16.95,"Italien, 2020",75cl,2.26/10cl,Italien,48,0,0,0,UNCATEGORIZED,Mid-Range,75,2.26,ITA,41.87194,12.56738,4.83,13.0
1734709741-62,https://www.coop.ch/de/weine/alle-weine/c/m_2508pn=18,"prosecco superiore di valdobbiadene conegliano docg carpené malvolti, extra dry",10.95,Italien,75cl,1.46/10cl,Italien,79,0,0,1,SCHAUMWEIN,Mid-Range,75,1.46,ITA,41.87194,12.56738,4.83,11.0
1734709741-64,https://www.coop.ch/de/weine/alle-weine/c/m_2508pn=18,"champagne aoc charles bertin, brut",19.5,Frankreich,75cl,2.60/10cl,Frankreich,34,0,0,0,SCHAUMWEIN,Mid-Range,75,2.6,FRA,46.227638,2.213749,6.44,12.0
1734709741-65,https://www.coop.ch/de/weine/alle-weine/c/m_2508pn=18,"prosecco doc vigne dei dogi, extra dry",6.95,Italien,75cl,0.93/10cl,Italien,38,0,0,0,SCHAUMWEIN,Budget,75,0.93,ITA,41.87194,12.56738,4.83,11.0
1734709741-67,https://www.coop.ch/de/weine/alle-weine/c/m_2508pn=18,blu secco dose vino frizzante 6x20cl,8.7,Italien,120cl,0.73/10cl,Italien,36,0,0,0,SCHAUMWEIN,Budget,120,0.73,ITA,41.87194,12.56738,4.83,8.0
1734709741-68,https://www.coop.ch/de/weine/alle-weine/c/m_2508pn=18,toscana igt rosso villa antinori,12.95,"Italien, 2022",75cl,1.73/10cl,Italien,32,0,0,0,ROTWEIN,Mid-Range,75,1.73,ITA,41.87194,12.56738,4.83,5.0
1734709741-69,https://www.coop.ch/de/weine/alle-weine/c/m_2508pn=18,terre siciliane igt nero d'avola bromeus,13.95,"Italien, 2022",75cl,1.86/10cl,Italien,40,0,0,0,ROTWEIN,Mid-Range,75,1.86,ITA,41.87194,12.56738,4.83,13.0
1734709741-72,https://www.coop.ch/de/weine/alle-weine/c/m_2508pn=18,alsace aop gewürztraminer baron de hoen beblenheim,7.35,"Frankreich, 2022",75cl,0.98/10cl,Frankreich,50,0,0,0,GLÜHWEIN,Budget,75,0.98,FRA,46.227638,2.213749,6.44,13.0
1734709741-76,https://www.coop.ch/de/weine/alle-weine/c/m_2508pn=18,toscana igt bianco villa antinori,12.5,"Italien, 2023",75cl,1.67/10cl,Italien,33,0,0,0,WEISSWEIN,Mid-Range,75,1.67,ITA,41.87194,12.56738,4.83,5.0
1734709741-77,https://www.coop.ch/de/weine/alle-weine/c/m_2508pn=18,"naturaplan bio-crémant d'alsace aoc wolfberger, brut",10.95,Frankreich,75cl,1.46/10cl,Frankreich,52,1,0,0,SCHAUMWEIN,Mid-Range,75,1.46,FRA,46.227638,2.213749,6.44,11.0
1734709741-79,https://www.coop.ch/de/weine/alle-weine/c/m_2508pn=18,valdo prosecco di valdobbiadene docg,9.95,Italien,75cl,1.33/10cl,Italien,36,0,0,0,SCHAUMWEIN,Budget,75,1.33,ITA,41.87194,12.56738,4.83,11.0
1734709741-82,https://www.coop.ch/de/weine/alle-weine/c/m_2508pn=18,"champagne aoc impérial moët & chandon, brut",38.5,Frankreich,75cl,5.13/10cl,Frankreich,43,0,0,0,SCHAUMWEIN,Premium,75,5.13,FRA,46.227638,2.213749,6.44,12.0
1734709741-83,https://www.coop.ch/de/weine/alle-weine/c/m_2508pn=18,bourgogne aoc chardonnay louis jadot,18.95,"Frankreich, 2022",75cl,2.53/10cl,Frankreich,36,0,0,0,WEISSWEIN,Mid-Range,75,2.53,FRA,46.227638,2.213749,6.44,13.0
1734709741-85,https://www.coop.ch/de/weine/alle-weine/c/m_2508pn=18,legaris crianza ribera del duero do,25.5,"Spanien, 2021",75cl,3.40/10cl,Spanien,35,0,0,0,UNCATEGORIZED,Mid-Range,75,3.4,ESP,40.463667,-3.74922,3.52,13.0
1734709741-86,https://www.coop.ch/de/weine/alle-weine/c/m_2508pn=18,ripasso della valpolicella doc superiore vigne alte zeni,9.85,"Italien, 2022",75cl,1.31/10cl,Italien,56,0,0,1,UNCATEGORIZED,Budget,75,1.31,ITA,41.87194,12.56738,4.83,13.0
1734709741-87,https://www.coop.ch/de/weine/alle-weine/c/m_2508pn=18,vino nobile di montepulciano docg tenuta trerose,16.95,"Italien, 2020",75cl,2.26/10cl,Italien,48,0,0,0,UNCATEGORIZED,Mid-Range,75,2.26,ITA,41.87194,12.56738,4.83,13.0
1734709745-91,https://www.coop.ch/de/weine/alle-weine/c/m_2508pn=17,"prosecco superiore di valdobbiadene conegliano docg carpené malvolti, extra dry",10.95,Italien,75cl,1.46/10cl,Italien,79,0,0,1,SCHAUMWEIN,Mid-Range,75,1.46,ITA,41.87194,12.56738,4.83,11.0
1734709745-93,https://www.coop.ch/de/weine/alle-weine/c/m_2508pn=17,"champagne aoc charles bertin, brut",19.5,Frankreich,75cl,2.60/10cl,Frankreich,34,0,0,0,SCHAUMWEIN,Mid-Range,75,2.6,FRA,46.227638,2.213749,6.44,12.0
1734709745-94,https://www.coop.ch/de/weine/alle-weine/c/m_2508pn=17,"prosecco doc vigne dei dogi, extra dry",6.95,Italien,75cl,0.93/10cl,Italien,38,0,0,0,SCHAUMWEIN,Budget,75,0.93,ITA,41.87194,12.56738,4.83,11.0
1734709745-96,https://www.coop.ch/de/weine/alle-weine/c/m_2508pn=17,blu secco dose vino frizzante 6x20cl,8.7,Italien,120cl,0.73/10cl,Italien,36,0,0,0,SCHAUMWEIN,Budget,120,0.73,ITA,41.87194,12.56738,4.83,8.0
1734709745-97,https://www.coop.ch/de/weine/alle-weine/c/m_2508pn=17,toscana igt rosso villa antinori,12.95,"Italien, 2022",75cl,1.73/10cl,Italien,32,0,0,0,ROTWEIN,Mid-Range,75,1.73,ITA,41.87194,12.56738,4.83,5.0
1734709745-98,https://www.coop.ch/de/weine/alle-weine/c/m_2508pn=17,terre siciliane igt nero d'avola bromeus,13.95,"Italien, 2022",75cl,1.86/10cl,Italien,40,0,0,0,ROTWEIN,Mid-Range,75,1.86,ITA,41.87194,12.56738,4.83,13.0
1734709745-101,https://www.coop.ch/de/weine/alle-weine/c/m_2508pn=17,alsace aop gewürztraminer baron de hoen beblenheim,7.35,"Frankreich, 2022",75cl,0.98/10cl,Frankreich,50,0,0,0,GLÜHWEIN,Budget,75,0.98,FRA,46.227638,2.213749,6.44,13.0
1734709745-105,https://www.coop.ch/de/weine/alle-weine/c/m_2508pn=17,toscana igt bianco villa antinori,12.5,"Italien, 2023",75cl,1.67/10cl,Italien,33,0,0,0,WEISSWEIN,Mid-Range,75,1.67,ITA,41.87194,12.56738,4.83,5.0
1734709745-106,https://www.coop.ch/de/weine/alle-weine/c/m_2508pn=17,"naturaplan bio-crémant d'alsace aoc wolfberger, brut",10.95,Frankreich,75cl,1.46/10cl,Frankreich,52,1,0,0,SCHAUMWEIN,Mid-Range,75,1.46,FRA,46.227638,2.213749,6.44,11.0
1734709745-108,https://www.coop.ch/de/weine/alle-weine/c/m_2508pn=17,valdo prosecco di valdobbiadene docg,9.95,Italien,75cl,1.33/10cl,Italien,36,0,0,0,SCHAUMWEIN,Budget,75,1.33,ITA,41.87194,12.56738,4.83,11.0
1734709745-111,https://www.coop.ch/de/weine/alle-weine/c/m_2508pn=17,"champagne aoc impérial moët & chandon, brut",38.5,Frankreich,75cl,5.13/10cl,Frankreich,43,0,0,0,SCHAUMWEIN,Premium,75,5.13,FRA,46.227638,2.213749,6.44,12.0
1734709745-112,https://www.coop.ch/de/weine/alle-weine/c/m_2508pn=17,bourgogne aoc chardonnay louis jadot,18.95,"Frankreich, 2022",75cl,2.53/10cl,Frankreich,36,0,0,0,WEISSWEIN,Mid-Range,75,2.53,FRA,46.227638,2.213749,6.44,13.0
1734709745-114,https://www.coop.ch/de/weine/alle-weine/c/m_2508pn=17,legaris crianza ribera del duero do,25.5,"Spanien, 2021",75cl,3.40/10cl,Spanien,35,0,0,0,UNCATEGORIZED,Mid-Range,75,3.4,ESP,40.463667,-3.74922,3.52,13.0
1734709745-115,https://www.coop.ch/de/weine/alle-weine/c/m_2508pn=17,ripasso della valpolicella doc superiore vigne alte zeni,9.85,"Italien, 2022",75cl,1.31/10cl,Italien,56,0,0,1,UNCATEGORIZED,Budget,75,1.31,ITA,41.87194,12.56738,4.83,13.0
1734709745-116,https://www.coop.ch/de/weine/alle-weine/c/m_2508pn=17,vino nobile di montepulciano docg tenuta trerose,16.95,"Italien, 2020",75cl,2.26/10cl,Italien,48,0,0,0,UNCATEGORIZED,Mid-Range,75,2.26,ITA,41.87194,12.56738,4.83,13.0
1734709749-120,https://www.coop.ch/de/weine/alle-weine/c/m_2508pn=16,"prosecco superiore di valdobbiadene conegliano docg carpené malvolti, extra dry",10.95,Italien,75cl,1.46/10cl,Italien,79,0,0,1,SCHAUMWEIN,Mid-Range,75,1.46,ITA,41.87194,12.56738,4.83,11.0
1734709749-122,https://www.coop.ch/de/weine/alle-weine/c/m_2508pn=16,"champagne aoc charles bertin, brut",19.5,Frankreich,75cl,2.60/10cl,Frankreich,34,0,0,0,SCHAUMWEIN,Mid-Range,75,2.6,FRA,46.227638,2.213749,6.44,12.0
1734709749-123,https://www.coop.ch/de/weine/alle-weine/c/m_2508pn=16,"prosecco doc vigne dei dogi, extra dry",6.95,Italien,75cl,0.93/10cl,Italien,38,0,0,0,SCHAUMWEIN,Budget,75,0.93,ITA,41.87194,12.56738,4.83,11.0
1734709749-125,https://www.coop.ch/de/weine/alle-weine/c/m_2508pn=16,blu secco dose vino frizzante 6x20cl,8.7,Italien,120cl,0.73/10cl,Italien,36,0,0,0,SCHAUMWEIN,Budget,120,0.73,ITA,41.87194,12.56738,4.83,8.0
1734709749-126,https://www.coop.ch/de/weine/alle-weine/c/m_2508pn=16,toscana igt rosso villa antinori,12.95,"Italien, 2022",75cl,1.73/10cl,Italien,32,0,0,0,ROTWEIN,Mid-Range,75,1.73,ITA,41.87194,12.56738,4.83,5.0
1734709749-127,https://www.coop.ch/de/weine/alle-weine/c/m_2508pn=16,terre siciliane igt nero d'avola bromeus,13.95,"Italien, 2022",75cl,1.86/10cl,Italien,40,0,0,0,ROTWEIN,Mid-Range,75,1.86,ITA,41.87194,12.56738,4.83,13.0
1734709749-130,https://www.coop.ch/de/weine/alle-weine/c/m_2508pn=16,alsace aop gewürztraminer baron de hoen beblenheim,7.35,"Frankreich, 2022",75cl,0.98/10cl,Frankreich,50,0,0,0,GLÜHWEIN,Budget,75,0.98,FRA,46.227638,2.213749,6.44,13.0
1734709749-134,https://www.coop.ch/de/weine/alle-weine/c/m_2508pn=16,toscana igt bianco villa antinori,12.5,"Italien, 2023",75cl,1.67/10cl,Italien,33,0,0,0,WEISSWEIN,Mid-Range,75,1.67,ITA,41.87194,12.56738,4.83,5.0
1734709749-135,https://www.coop.ch/de/weine/alle-weine/c/m_2508pn=16,"naturaplan bio-crémant d'alsace aoc wolfberger, brut",10.95,Frankreich,75cl,1.46/10cl,Frankreich,52,1,0,0,SCHAUMWEIN,Mid-Range,75,1.46,FRA,46.227638,2.213749,6.44,11.0
1734709749-137,https://www.coop.ch/de/weine/alle-weine/c/m_2508pn=16,valdo prosecco di valdobbiadene docg,9.95,Italien,75cl,1.33/10cl,Italien,36,0,0,0,SCHAUMWEIN,Budget,75,1.33,ITA,41.87194,12.56738,4.83,11.0
1734709749-140,https://www.coop.ch/de/weine/alle-weine/c/m_2508pn=16,"champagne aoc impérial moët & chandon, brut",38.5,Frankreich,75cl,5.13/10cl,Frankreich,43,0,0,0,SCHAUMWEIN,Premium,75,5.13,FRA,46.227638,2.213749,6.44,12.0
1734709749-141,https://www.coop.ch/de/weine/alle-weine/c/m_2508pn=16,bourgogne aoc chardonnay louis jadot,18.95,"Frankreich, 2022",75cl,2.53/10cl,Frankreich,36,0,0,0,WEISSWEIN,Mid-Range,75,2.53,FRA,46.227638,2.213749,6.44,13.0
1734709749-143,https://www.coop.ch/de/weine/alle-weine/c/m_2508pn=16,legaris crianza ribera del duero do,25.5,"Spanien, 2021",75cl,3.40/10cl,Spanien,35,0,0,0,UNCATEGORIZED,Mid-Range,75,3.4,ESP,40.463667,-3.74922,3.52,13.0
1734709749-144,https://www.coop.ch/de/weine/alle-weine/c/m_2508pn=16,ripasso della valpolicella doc superiore vigne alte zeni,9.85,"Italien, 2022",75cl,1.31/10cl,Italien,56,0,0,1,UNCATEGORIZED,Budget,75,1.31,ITA,41.87194,12.56738,4.83,13.0
1734709749-145,https://www.coop.ch/de/weine/alle-weine/c/m_2508pn=16,vino nobile di montepulciano docg tenuta trerose,16.95,"Italien, 2020",75cl,2.26/10cl,Italien,48,0,0,0,UNCATEGORIZED,Mid-Range,75,2.26,ITA,41.87194,12.56738,4.83,13.0
1734709754-149,https://www.coop.ch/de/weine/alle-weine/c/m_2508pn=15,"prosecco superiore di valdobbiadene conegliano docg carpené malvolti, extra dry",10.95,Italien,75cl,1.46/10cl,Italien,79,0,0,1,SCHAUMWEIN,Mid-Range,75,1.46,ITA,41.87194,12.56738,4.83,11.0
1734709754-151,https://www.coop.ch/de/weine/alle-weine/c/m_2508pn=15,"champagne aoc charles bertin, brut",19.5,Frankreich,75cl,2.60/10cl,Frankreich,34,0,0,0,SCHAUMWEIN,Mid-Range,75,2.6,FRA,46.227638,2.213749,6.44,12.0
1734709754-152,https://www.coop.ch/de/weine/alle-weine/c/m_2508pn=15,"prosecco doc vigne dei dogi, extra dry",6.95,Italien,75cl,0.93/10cl,Italien,38,0,0,0,SCHAUMWEIN,Budget,75,0.93,ITA,41.87194,12.56738,4.83,11.0
1734709754-154,https://www.coop.ch/de/weine/alle-weine/c/m_2508pn=15,blu secco dose vino frizzante 6x20cl,8.7,Italien,120cl,0.73/10cl,Italien,36,0,0,0,SCHAUMWEIN,Budget,120,0.73,ITA,41.87194,12.56738,4.83,8.0
1734709754-155,https://www.coop.ch/de/weine/alle-weine/c/m_2508pn=15,toscana igt rosso villa antinori,12.95,"Italien, 2022",75cl,1.73/10cl,Italien,32,0,0,0,ROTWEIN,Mid-Range,75,1.73,ITA,41.87194,12.56738,4.83,5.0
1734709754-156,https://www.coop.ch/de/weine/alle-weine/c/m_2508pn=15,terre siciliane igt nero d'avola bromeus,13.95,"Italien, 2022",75cl,1.86/10cl,Italien,40,0,0,0,ROTWEIN,Mid-Range,75,1.86,ITA,41.87194,12.56738,4.83,13.0
1734709754-159,https://www.coop.ch/de/weine/alle-weine/c/m_2508pn=15,alsace aop gewürztraminer baron de hoen beblenheim,7.35,"Frankreich, 2022",75cl,0.98/10cl,Frankreich,50,0,0,0,GLÜHWEIN,Budget,75,0.98,FRA,46.227638,2.213749,6.44,13.0
1734709754-163,https://www.coop.ch/de/weine/alle-weine/c/m_2508pn=15,toscana igt bianco villa antinori,12.5,"Italien, 2023",75cl,1.67/10cl,Italien,33,0,0,0,WEISSWEIN,Mid-Range,75,1.67,ITA,41.87194,12.56738,4.83,5.0
1734709754-164,https://www.coop.ch/de/weine/alle-weine/c/m_2508pn=15,"naturaplan bio-crémant d'alsace aoc wolfberger, brut",10.95,Frankreich,75cl,1.46/10cl,Frankreich,52,1,0,0,SCHAUMWEIN,Mid-Range,75,1.46,FRA,46.227638,2.213749,6.44,11.0
1734709754-166,https://www.coop.ch/de/weine/alle-weine/c/m_2508pn=15,valdo prosecco di valdobbiadene docg,9.95,Italien,75cl,1.33/10cl,Italien,36,0,0,0,SCHAUMWEIN,Budget,75,1.33,ITA,41.87194,12.56738,4.83,11.0
1734709754-169,https://www.coop.ch/de/weine/alle-weine/c/m_2508pn=15,"champagne aoc impérial moët & chandon, brut",38.5,Frankreich,75cl,5.13/10cl,Frankreich,43,0,0,0,SCHAUMWEIN,Premium,75,5.13,FRA,46.227638,2.213749,6.44,12.0
1734709754-170,https://www.coop.ch/de/weine/alle-weine/c/m_2508pn=15,bourgogne aoc chardonnay louis jadot,18.95,"Frankreich, 2022",75cl,2.53/10cl,Frankreich,36,0,0,0,WEISSWEIN,Mid-Range,75,2.53,FRA,46.227638,2.213749,6.44,13.0
1734709754-172,https://www.coop.ch/de/weine/alle-weine/c/m_2508pn=15,legaris crianza ribera del duero do,25.5,"Spanien, 2021",75cl,3.40/10cl,Spanien,35,0,0,0,UNCATEGORIZED,Mid-Range,75,3.4,ESP,40.463667,-3.74922,3.52,13.0
1734709754-173,https://www.coop.ch/de/weine/alle-weine/c/m_2508pn=15,ripasso della valpolicella doc superiore vigne alte zeni,9.85,"Italien, 2022",75cl,1.31/10cl,Italien,56,0,0,1,UNCATEGORIZED,Budget,75,1.31,ITA,41.87194,12.56738,4.83,13.0
1734709754-174,https://www.coop.ch/de/weine/alle-weine/c/m_2508pn=15,vino nobile di montepulciano docg tenuta trerose,16.95,"Italien, 2020",75cl,2.26/10cl,Italien,48,0,0,0,UNCATEGORIZED,Mid-Range,75,2.26,ITA,41.87194,12.56738,4.83,13.0
1734709759-178,https://www.coop.ch/de/weine/alle-weine/c/m_2508pn=14,"prosecco superiore di valdobbiadene conegliano docg carpené malvolti, extra dry",10.95,Italien,75cl,1.46/10cl,Italien,79,0,0,1,SCHAUMWEIN,Mid-Range,75,1.46,ITA,41.87194,12.56738,4.83,11.0
1734709759-180,https://www.coop.ch/de/weine/alle-weine/c/m_2508pn=14,"champagne aoc charles bertin, brut",19.5,Frankreich,75cl,2.60/10cl,Frankreich,34,0,0,0,SCHAUMWEIN,Mid-Range,75,2.6,FRA,46.227638,2.213749,6.44,12.0
1734709759-181,https://www.coop.ch/de/weine/alle-weine/c/m_2508pn=14,"prosecco doc vigne dei dogi, extra dry",6.95,Italien,75cl,0.93/10cl,Italien,38,0,0,0,SCHAUMWEIN,Budget,75,0.93,ITA,41.87194,12.56738,4.83,11.0
1734709759-183,https://www.coop.ch/de/weine/alle-weine/c/m_2508pn=14,blu secco dose vino frizzante 6x20cl,8.7,Italien,120cl,0.73/10cl,Italien,36,0,0,0,SCHAUMWEIN,Budget,120,0.73,ITA,41.87194,12.56738,4.83,8.0
1734709759-184,https://www.coop.ch/de/weine/alle-weine/c/m_2508pn=14,toscana igt rosso villa antinori,12.95,"Italien, 2022",75cl,1.73/10cl,Italien,32,0,0,0,ROTWEIN,Mid-Range,75,1.73,ITA,41.87194,12.56738,4.83,5.0
1734709759-185,https://www.coop.ch/de/weine/alle-weine/c/m_2508pn=14,terre siciliane igt nero d'avola bromeus,13.95,"Italien, 2022",75cl,1.86/10cl,Italien,40,0,0,0,ROTWEIN,Mid-Range,75,1.86,ITA,41.87194,12.56738,4.83,13.0
1734709759-188,https://www.coop.ch/de/weine/alle-weine/c/m_2508pn=14,alsace aop gewürztraminer baron de hoen beblenheim,7.35,"Frankreich, 2022",75cl,0.98/10cl,Frankreich,50,0,0,0,GLÜHWEIN,Budget,75,0.98,FRA,46.227638,2.213749,6.44,13.0
1734709759-192,https://www.coop.ch/de/weine/alle-weine/c/m_2508pn=14,toscana igt bianco villa antinori,12.5,"Italien, 2023",75cl,1.67/10cl,Italien,33,0,0,0,WEISSWEIN,Mid-Range,75,1.67,ITA,41.87194,12.56738,4.83,5.0
1734709759-193,https://www.coop.ch/de/weine/alle-weine/c/m_2508pn=14,"naturaplan bio-crémant d'alsace aoc wolfberger, brut",10.95,Frankreich,75cl,1.46/10cl,Frankreich,52,1,0,0,SCHAUMWEIN,Mid-Range,75,1.46,FRA,46.227638,2.213749,6.44,11.0
1734709759-195,https://www.coop.ch/de/weine/alle-weine/c/m_2508pn=14,valdo prosecco di valdobbiadene docg,9.95,Italien,75cl,1.33/10cl,Italien,36,0,0,0,SCHAUMWEIN,Budget,75,1.33,ITA,41.87194,12.56738,4.83,11.0
1734709759-198,https://www.coop.ch/de/weine/alle-weine/c/m_2508pn=14,"champagne aoc impérial moët & chandon, brut",38.5,Frankreich,75cl,5.13/10cl,Frankreich,43,0,0,0,SCHAUMWEIN,Premium,75,5.13,FRA,46.227638,2.213749,6.44,12.0
1734709759-199,https://www.coop.ch/de/weine/alle-weine/c/m_2508pn=14,bourgogne aoc chardonnay louis jadot,18.95,"Frankreich, 2022",75cl,2.53/10cl,Frankreich,36,0,0,0,WEISSWEIN,Mid-Range,75,2.53,FRA,46.227638,2.213749,6.44,13.0
1734709759-201,https://www.coop.ch/de/weine/alle-weine/c/m_2508pn=14,legaris crianza ribera del duero do,25.5,"Spanien, 2021",75cl,3.40/10cl,Spanien,35,0,0,0,UNCATEGORIZED,Mid-Range,75,3.4,ESP,40.463667,-3.74922,3.52,13.0
1734709759-202,https://www.coop.ch/de/weine/alle-weine/c/m_2508pn=14,ripasso della valpolicella doc superiore vigne alte zeni,9.85,"Italien, 2022",75cl,1.31/10cl,Italien,56,0,0,1,UNCATEGORIZED,Budget,75,1.31,ITA,41.87194,12.56738,4.83,13.0
1734709759-203,https://www.coop.ch/de/weine/alle-weine/c/m_2508pn=14,vino nobile di montepulciano docg tenuta trerose,16.95,"Italien, 2020",75cl,2.26/10cl,Italien,48,0,0,0,UNCATEGORIZED,Mid-Range,75,2.26,ITA,41.87194,12.56738,4.83,13.0
1734709763-207,https://www.coop.ch/de/weine/alle-weine/c/m_2508pn=13,"prosecco superiore di valdobbiadene conegliano docg carpené malvolti, extra dry",10.95,Italien,75cl,1.46/10cl,Italien,79,0,0,1,SCHAUMWEIN,Mid-Range,75,1.46,ITA,41.87194,12.56738,4.83,11.0
1734709763-209,https://www.coop.ch/de/weine/alle-weine/c/m_2508pn=13,"champagne aoc charles bertin, brut",19.5,Frankreich,75cl,2.60/10cl,Frankreich,34,0,0,0,SCHAUMWEIN,Mid-Range,75,2.6,FRA,46.227638,2.213749,6.44,12.0
1734709763-210,https://www.coop.ch/de/weine/alle-weine/c/m_2508pn=13,"prosecco doc vigne dei dogi, extra dry",6.95,Italien,75cl,0.93/10cl,Italien,38,0,0,0,SCHAUMWEIN,Budget,75,0.93,ITA,41.87194,12.56738,4.83,11.0
1734709763-212,https://www.coop.ch/de/weine/alle-weine/c/m_2508pn=13,blu secco dose vino frizzante 6x20cl,8.7,Italien,120cl,0.73/10cl,Italien,36,0,0,0,SCHAUMWEIN,Budget,120,0.73,ITA,41.87194,12.56738,4.83,8.0
1734709763-213,https://www.coop.ch/de/weine/alle-weine/c/m_2508pn=13,toscana igt rosso villa antinori,12.95,"Italien, 2022",75cl,1.73/10cl,Italien,32,0,0,0,ROTWEIN,Mid-Range,75,1.73,ITA,41.87194,12.56738,4.83,5.0
1734709763-214,https://www.coop.ch/de/weine/alle-weine/c/m_2508pn=13,terre siciliane igt nero d'avola bromeus,13.95,"Italien, 2022",75cl,1.86/10cl,Italien,40,0,0,0,ROTWEIN,Mid-Range,75,1.86,ITA,41.87194,12.56738,4.83,13.0
1734709763-217,https://www.coop.ch/de/weine/alle-weine/c/m_2508pn=13,alsace aop gewürztraminer baron de hoen beblenheim,7.35,"Frankreich, 2022",75cl,0.98/10cl,Frankreich,50,0,0,0,GLÜHWEIN,Budget,75,0.98,FRA,46.227638,2.213749,6.44,13.0
1734709763-221,https://www.coop.ch/de/weine/alle-weine/c/m_2508pn=13,toscana igt bianco villa antinori,12.5,"Italien, 2023",75cl,1.67/10cl,Italien,33,0,0,0,WEISSWEIN,Mid-Range,75,1.67,ITA,41.87194,12.56738,4.83,5.0
1734709763-222,https://www.coop.ch/de/weine/alle-weine/c/m_2508pn=13,"naturaplan bio-crémant d'alsace aoc wolfberger, brut",10.95,Frankreich,75cl,1.46/10cl,Frankreich,52,1,0,0,SCHAUMWEIN,Mid-Range,75,1.46,FRA,46.227638,2.213749,6.44,11.0
1734709763-224,https://www.coop.ch/de/weine/alle-weine/c/m_2508pn=13,valdo prosecco di valdobbiadene docg,9.95,Italien,75cl,1.33/10cl,Italien,36,0,0,0,SCHAUMWEIN,Budget,75,1.33,ITA,41.87194,12.56738,4.83,11.0
1734709763-227,https://www.coop.ch/de/weine/alle-weine/c/m_2508pn=13,"champagne aoc impérial moët & chandon, brut",38.5,Frankreich,75cl,5.13/10cl,Frankreich,43,0,0,0,SCHAUMWEIN,Premium,75,5.13,FRA,46.227638,2.213749,6.44,12.0
1734709763-228,https://www.coop.ch/de/weine/alle-weine/c/m_2508pn=13,bourgogne aoc chardonnay louis jadot,18.95,"Frankreich, 2022",75cl,2.53/10cl,Frankreich,36,0,0,0,WEISSWEIN,Mid-Range,75,2.53,FRA,46.227638,2.213749,6.44,13.0
1734709763-230,https://www.coop.ch/de/weine/alle-weine/c/m_2508pn=13,legaris crianza ribera del duero do,25.5,"Spanien, 2021",75cl,3.40/10cl,Spanien,35,0,0,0,UNCATEGORIZED,Mid-Range,75,3.4,ESP,40.463667,-3.74922,3.52,13.0
1734709763-231,https://www.coop.ch/de/weine/alle-weine/c/m_2508pn=13,ripasso della valpolicella doc superiore vigne alte zeni,9.85,"Italien, 2022",75cl,1.31/10cl,Italien,56,0,0,1,UNCATEGORIZED,Budget,75,1.31,ITA,41.87194,12.56738,4.83,13.0
1734709763-232,https://www.coop.ch/de/weine/alle-weine/c/m_2508pn=13,vino nobile di montepulciano docg tenuta trerose,16.95,"Italien, 2020",75cl,2.26/10cl,Italien,48,0,0,0,UNCATEGORIZED,Mid-Range,75,2.26,ITA,41.87194,12.56738,4.83,13.0
1734709768-236,https://www.coop.ch/de/weine/alle-weine/c/m_2508pn=12,"prosecco superiore di valdobbiadene conegliano docg carpené malvolti, extra dry",10.95,Italien,75cl,1.46/10cl,Italien,79,0,0,1,SCHAUMWEIN,Mid-Range,75,1.46,ITA,41.87194,12.56738,4.83,11.0
1734709768-238,https://www.coop.ch/de/weine/alle-weine/c/m_2508pn=12,"champagne aoc charles bertin, brut",19.5,Frankreich,75cl,2.60/10cl,Frankreich,34,0,0,0,SCHAUMWEIN,Mid-Range,75,2.6,FRA,46.227638,2.213749,6.44,12.0
1734709768-239,https://www.coop.ch/de/weine/alle-weine/c/m_2508pn=12,"prosecco doc vigne dei dogi, extra dry",6.95,Italien,75cl,0.93/10cl,Italien,38,0,0,0,SCHAUMWEIN,Budget,75,0.93,ITA,41.87194,12.56738,4.83,11.0
1734709768-241,https://www.coop.ch/de/weine/alle-weine/c/m_2508pn=12,blu secco dose vino frizzante 6x20cl,8.7,Italien,120cl,0.73/10cl,Italien,36,0,0,0,SCHAUMWEIN,Budget,120,0.73,ITA,41.87194,12.56738,4.83,8.0
1734709768-242,https://www.coop.ch/de/weine/alle-weine/c/m_2508pn=12,toscana igt rosso villa antinori,12.95,"Italien, 2022",75cl,1.73/10cl,Italien,32,0,0,0,ROTWEIN,Mid-Range,75,1.73,ITA,41.87194,12.56738,4.83,5.0
1734709768-243,https://www.coop.ch/de/weine/alle-weine/c/m_2508pn=12,terre siciliane igt nero d'avola bromeus,13.95,"Italien, 2022",75cl,1.86/10cl,Italien,40,0,0,0,ROTWEIN,Mid-Range,75,1.86,ITA,41.87194,12.56738,4.83,13.0
1734709768-246,https://www.coop.ch/de/weine/alle-weine/c/m_2508pn=12,alsace aop gewürztraminer baron de hoen beblenheim,7.35,"Frankreich, 2022",75cl,0.98/10cl,Frankreich,50,0,0,0,GLÜHWEIN,Budget,75,0.98,FRA,46.227638,2.213749,6.44,13.0
1734709768-250,https://www.coop.ch/de/weine/alle-weine/c/m_2508pn=12,toscana igt bianco villa antinori,12.5,"Italien, 2023",75cl,1.67/10cl,Italien,33,0,0,0,WEISSWEIN,Mid-Range,75,1.67,ITA,41.87194,12.56738,4.83,5.0
1734709768-251,https://www.coop.ch/de/weine/alle-weine/c/m_2508pn=12,"naturaplan bio-crémant d'alsace aoc wolfberger, brut",10.95,Frankreich,75cl,1.46/10cl,Frankreich,52,1,0,0,SCHAUMWEIN,Mid-Range,75,1.46,FRA,46.227638,2.213749,6.44,11.0
1734709768-253,https://www.coop.ch/de/weine/alle-weine/c/m_2508pn=12,valdo prosecco di valdobbiadene docg,9.95,Italien,75cl,1.33/10cl,Italien,36,0,0,0,SCHAUMWEIN,Budget,75,1.33,ITA,41.87194,12.56738,4.83,11.0
1734709768-256,https://www.coop.ch/de/weine/alle-weine/c/m_2508pn=12,"champagne aoc impérial moët & chandon, brut",38.5,Frankreich,75cl,5.13/10cl,Frankreich,43,0,0,0,SCHAUMWEIN,Premium,75,5.13,FRA,46.227638,2.213749,6.44,12.0
1734709768-257,https://www.coop.ch/de/weine/alle-weine/c/m_2508pn=12,bourgogne aoc chardonnay louis jadot,18.95,"Frankreich, 2022",75cl,2.53/10cl,Frankreich,36,0,0,0,WEISSWEIN,Mid-Range,75,2.53,FRA,46.227638,2.213749,6.44,13.0
1734709768-259,https://www.coop.ch/de/weine/alle-weine/c/m_2508pn=12,legaris crianza ribera del duero do,25.5,"Spanien, 2021",75cl,3.40/10cl,Spanien,35,0,0,0,UNCATEGORIZED,Mid-Range,75,3.4,ESP,40.463667,-3.74922,3.52,13.0
1734709768-260,https://www.coop.ch/de/weine/alle-weine/c/m_2508pn=12,ripasso della valpolicella doc superiore vigne alte zeni,9.85,"Italien, 2022",75cl,1.31/10cl,Italien,56,0,0,1,UNCATEGORIZED,Budget,75,1.31,ITA,41.87194,12.56738,4.83,13.0
1734709768-261,https://www.coop.ch/de/weine/alle-weine/c/m_2508pn=12,vino nobile di montepulciano docg tenuta trerose,16.95,"Italien, 2020",75cl,2.26/10cl,Italien,48,0,0,0,UNCATEGORIZED,Mid-Range,75,2.26,ITA,41.87194,12.56738,4.83,13.0
1734709772-265,https://www.coop.ch/de/weine/alle-weine/c/m_2508pn=11,"prosecco superiore di valdobbiadene conegliano docg carpené malvolti, extra dry",10.95,Italien,75cl,1.46/10cl,Italien,79,0,0,1,SCHAUMWEIN,Mid-Range,75,1.46,ITA,41.87194,12.56738,4.83,11.0
1734709772-267,https://www.coop.ch/de/weine/alle-weine/c/m_2508pn=11,"champagne aoc charles bertin, brut",19.5,Frankreich,75cl,2.60/10cl,Frankreich,34,0,0,0,SCHAUMWEIN,Mid-Range,75,2.6,FRA,46.227638,2.213749,6.44,12.0
1734709772-268,https://www.coop.ch/de/weine/alle-weine/c/m_2508pn=11,"prosecco doc vigne dei dogi, extra dry",6.95,Italien,75cl,0.93/10cl,Italien,38,0,0,0,SCHAUMWEIN,Budget,75,0.93,ITA,41.87194,12.56738,4.83,11.0
1734709772-270,https://www.coop.ch/de/weine/alle-weine/c/m_2508pn=11,blu secco dose vino frizzante 6x20cl,8.7,Italien,120cl,0.73/10cl,Italien,36,0,0,0,SCHAUMWEIN,Budget,120,0.73,ITA,41.87194,12.56738,4.83,8.0
1734709772-271,https://www.coop.ch/de/weine/alle-weine/c/m_2508pn=11,toscana igt rosso villa antinori,12.95,"Italien, 2022",75cl,1.73/10cl,Italien,32,0,0,0,ROTWEIN,Mid-Range,75,1.73,ITA,41.87194,12.56738,4.83,5.0
1734709772-272,https://www.coop.ch/de/weine/alle-weine/c/m_2508pn=11,terre siciliane igt nero d'avola bromeus,13.95,"Italien, 2022",75cl,1.86/10cl,Italien,40,0,0,0,ROTWEIN,Mid-Range,75,1.86,ITA,41.87194,12.56738,4.83,13.0
1734709772-275,https://www.coop.ch/de/weine/alle-weine/c/m_2508pn=11,alsace aop gewürztraminer baron de hoen beblenheim,7.35,"Frankreich, 2022",75cl,0.98/10cl,Frankreich,50,0,0,0,GLÜHWEIN,Budget,75,0.98,FRA,46.227638,2.213749,6.44,13.0
1734709772-279,https://www.coop.ch/de/weine/alle-weine/c/m_2508pn=11,toscana igt bianco villa antinori,12.5,"Italien, 2023",75cl,1.67/10cl,Italien,33,0,0,0,WEISSWEIN,Mid-Range,75,1.67,ITA,41.87194,12.56738,4.83,5.0
1734709772-280,https://www.coop.ch/de/weine/alle-weine/c/m_2508pn=11,"naturaplan bio-crémant d'alsace aoc wolfberger, brut",10.95,Frankreich,75cl,1.46/10cl,Frankreich,52,1,0,0,SCHAUMWEIN,Mid-Range,75,1.46,FRA,46.227638,2.213749,6.44,11.0
1734709772-282,https://www.coop.ch/de/weine/alle-weine/c/m_2508pn=11,valdo prosecco di valdobbiadene docg,9.95,Italien,75cl,1.33/10cl,Italien,36,0,0,0,SCHAUMWEIN,Budget,75,1.33,ITA,41.87194,12.56738,4.83,11.0
1734709772-285,https://www.coop.ch/de/weine/alle-weine/c/m_2508pn=11,"champagne aoc impérial moët & chandon, brut",38.5,Frankreich,75cl,5.13/10cl,Frankreich,43,0,0,0,SCHAUMWEIN,Premium,75,5.13,FRA,46.227638,2.213749,6.44,12.0
1734709772-286,https://www.coop.ch/de/weine/alle-weine/c/m_2508pn=11,bourgogne aoc chardonnay louis jadot,18.95,"Frankreich, 2022",75cl,2.53/10cl,Frankreich,36,0,0,0,WEISSWEIN,Mid-Range,75,2.53,FRA,46.227638,2.213749,6.44,13.0
1734709772-288,https://www.coop.ch/de/weine/alle-weine/c/m_2508pn=11,legaris crianza ribera del duero do,25.5,"Spanien, 2021",75cl,3.40/10cl,Spanien,35,0,0,0,UNCATEGORIZED,Mid-Range,75,3.4,ESP,40.463667,-3.74922,3.52,13.0
1734709772-289,https://www.coop.ch/de/weine/alle-weine/c/m_2508pn=11,ripasso della valpolicella doc superiore vigne alte zeni,9.85,"Italien, 2022",75cl,1.31/10cl,Italien,56,0,0,1,UNCATEGORIZED,Budget,75,1.31,ITA,41.87194,12.56738,4.83,13.0
1734709772-290,https://www.coop.ch/de/weine/alle-weine/c/m_2508pn=11,vino nobile di montepulciano docg tenuta trerose,16.95,"Italien, 2020",75cl,2.26/10cl,Italien,48,0,0,0,UNCATEGORIZED,Mid-Range,75,2.26,ITA,41.87194,12.56738,4.83,13.0
1734709776-294,https://www.coop.ch/de/weine/alle-weine/c/m_2508pn=10,"prosecco superiore di valdobbiadene conegliano docg carpené malvolti, extra dry",10.95,Italien,75cl,1.46/10cl,Italien,79,0,0,1,SCHAUMWEIN,Mid-Range,75,1.46,ITA,41.87194,12.56738,4.83,11.0
1734709776-296,https://www.coop.ch/de/weine/alle-weine/c/m_2508pn=10,"champagne aoc charles bertin, brut",19.5,Frankreich,75cl,2.60/10cl,Frankreich,34,0,0,0,SCHAUMWEIN,Mid-Range,75,2.6,FRA,46.227638,2.213749,6.44,12.0
1734709776-297,https://www.coop.ch/de/weine/alle-weine/c/m_2508pn=10,"prosecco doc vigne dei dogi, extra dry",6.95,Italien,75cl,0.93/10cl,Italien,38,0,0,0,SCHAUMWEIN,Budget,75,0.93,ITA,41.87194,12.56738,4.83,11.0
1734709776-299,https://www.coop.ch/de/weine/alle-weine/c/m_2508pn=10,blu secco dose vino frizzante 6x20cl,8.7,Italien,120cl,0.73/10cl,Italien,36,0,0,0,SCHAUMWEIN,Budget,120,0.73,ITA,41.87194,12.56738,4.83,8.0
1734709776-300,https://www.coop.ch/de/weine/alle-weine/c/m_2508pn=10,toscana igt rosso villa antinori,12.95,"Italien, 2022",75cl,1.73/10cl,Italien,32,0,0,0,ROTWEIN,Mid-Range,75,1.73,ITA,41.87194,12.56738,4.83,5.0
1734709776-301,https://www.coop.ch/de/weine/alle-weine/c/m_2508pn=10,terre siciliane igt nero d'avola bromeus,13.95,"Italien, 2022",75cl,1.86/10cl,Italien,40,0,0,0,ROTWEIN,Mid-Range,75,1.86,ITA,41.87194,12.56738,4.83,13.0
1734709776-304,https://www.coop.ch/de/weine/alle-weine/c/m_2508pn=10,alsace aop gewürztraminer baron de hoen beblenheim,7.35,"Frankreich, 2022",75cl,0.98/10cl,Frankreich,50,0,0,0,GLÜHWEIN,Budget,75,0.98,FRA,46.227638,2.213749,6.44,13.0
1734709776-308,https://www.coop.ch/de/weine/alle-weine/c/m_2508pn=10,toscana igt bianco villa antinori,12.5,"Italien, 2023",75cl,1.67/10cl,Italien,33,0,0,0,WEISSWEIN,Mid-Range,75,1.67,ITA,41.87194,12.56738,4.83,5.0
1734709776-309,https://www.coop.ch/de/weine/alle-weine/c/m_2508pn=10,"naturaplan bio-crémant d'alsace aoc wolfberger, brut",10.95,Frankreich,75cl,1.46/10cl,Frankreich,52,1,0,0,SCHAUMWEIN,Mid-Range,75,1.46,FRA,46.227638,2.213749,6.44,11.0
1734709776-311,https://www.coop.ch/de/weine/alle-weine/c/m_2508pn=10,valdo prosecco di valdobbiadene docg,9.95,Italien,75cl,1.33/10cl,Italien,36,0,0,0,SCHAUMWEIN,Budget,75,1.33,ITA,41.87194,12.56738,4.83,11.0
1734709776-314,https://www.coop.ch/de/weine/alle-weine/c/m_2508pn=10,"champagne aoc impérial moët & chandon, brut",38.5,Frankreich,75cl,5.13/10cl,Frankreich,43,0,0,0,SCHAUMWEIN,Premium,75,5.13,FRA,46.227638,2.213749,6.44,12.0
1734709776-315,https://www.coop.ch/de/weine/alle-weine/c/m_2508pn=10,bourgogne aoc chardonnay louis jadot,18.95,"Frankreich, 2022",75cl,2.53/10cl,Frankreich,36,0,0,0,WEISSWEIN,Mid-Range,75,2.53,FRA,46.227638,2.213749,6.44,13.0
1734709776-317,https://www.coop.ch/de/weine/alle-weine/c/m_2508pn=10,legaris crianza ribera del duero do,25.5,"Spanien, 2021",75cl,3.40/10cl,Spanien,35,0,0,0,UNCATEGORIZED,Mid-Range,75,3.4,ESP,40.463667,-3.74922,3.52,13.0
1734709776-318,https://www.coop.ch/de/weine/alle-weine/c/m_2508pn=10,ripasso della valpolicella doc superiore vigne alte zeni,9.85,"Italien, 2022",75cl,1.31/10cl,Italien,56,0,0,1,UNCATEGORIZED,Budget,75,1.31,ITA,41.87194,12.56738,4.83,13.0
1734709776-319,https://www.coop.ch/de/weine/alle-weine/c/m_2508pn=10,vino nobile di montepulciano docg tenuta trerose,16.95,"Italien, 2020",75cl,2.26/10cl,Italien,48,0,0,0,UNCATEGORIZED,Mid-Range,75,2.26,ITA,41.87194,12.56738,4.83,13.0
1734709781-323,https://www.coop.ch/de/weine/alle-weine/c/m_2508pn=9,"prosecco superiore di valdobbiadene conegliano docg carpené malvolti, extra dry",10.95,Italien,75cl,1.46/10cl,Italien,79,0,0,1,SCHAUMWEIN,Mid-Range,75,1.46,ITA,41.87194,12.56738,4.83,11.0
1734709781-325,https://www.coop.ch/de/weine/alle-weine/c/m_2508pn=9,"champagne aoc charles bertin, brut",19.5,Frankreich,75cl,2.60/10cl,Frankreich,34,0,0,0,SCHAUMWEIN,Mid-Range,75,2.6,FRA,46.227638,2.213749,6.44,12.0
1734709781-326,https://www.coop.ch/de/weine/alle-weine/c/m_2508pn=9,"prosecco doc vigne dei dogi, extra dry",6.95,Italien,75cl,0.93/10cl,Italien,38,0,0,0,SCHAUMWEIN,Budget,75,0.93,ITA,41.87194,12.56738,4.83,11.0
1734709781-328,https://www.coop.ch/de/weine/alle-weine/c/m_2508pn=9,blu secco dose vino frizzante 6x20cl,8.7,Italien,120cl,0.73/10cl,Italien,36,0,0,0,SCHAUMWEIN,Budget,120,0.73,ITA,41.87194,12.56738,4.83,8.0
1734709781-329,https://www.coop.ch/de/weine/alle-weine/c/m_2508pn=9,toscana igt rosso villa antinori,12.95,"Italien, 2022",75cl,1.73/10cl,Italien,32,0,0,0,ROTWEIN,Mid-Range,75,1.73,ITA,41.87194,12.56738,4.83,5.0
1734709781-330,https://www.coop.ch/de/weine/alle-weine/c/m_2508pn=9,terre siciliane igt nero d'avola bromeus,13.95,"Italien, 2022",75cl,1.86/10cl,Italien,40,0,0,0,ROTWEIN,Mid-Range,75,1.86,ITA,41.87194,12.56738,4.83,13.0
1734709781-333,https://www.coop.ch/de/weine/alle-weine/c/m_2508pn=9,alsace aop gewürztraminer baron de hoen beblenheim,7.35,"Frankreich, 2022",75cl,0.98/10cl,Frankreich,50,0,0,0,GLÜHWEIN,Budget,75,0.98,FRA,46.227638,2.213749,6.44,13.0
1734709781-337,https://www.coop.ch/de/weine/alle-weine/c/m_2508pn=9,toscana igt bianco villa antinori,12.5,"Italien, 2023",75cl,1.67/10cl,Italien,33,0,0,0,WEISSWEIN,Mid-Range,75,1.67,ITA,41.87194,12.56738,4.83,5.0
1734709781-338,https://www.coop.ch/de/weine/alle-weine/c/m_2508pn=9,"naturaplan bio-crémant d'alsace aoc wolfberger, brut",10.95,Frankreich,75cl,1.46/10cl,Frankreich,52,1,0,0,SCHAUMWEIN,Mid-Range,75,1.46,FRA,46.227638,2.213749,6.44,11.0
1734709781-340,https://www.coop.ch/de/weine/alle-weine/c/m_2508pn=9,valdo prosecco di valdobbiadene docg,9.95,Italien,75cl,1.33/10cl,Italien,36,0,0,0,SCHAUMWEIN,Budget,75,1.33,ITA,41.87194,12.56738,4.83,11.0
1734709781-343,https://www.coop.ch/de/weine/alle-weine/c/m_2508pn=9,"champagne aoc impérial moët & chandon, brut",38.5,Frankreich,75cl,5.13/10cl,Frankreich,43,0,0,0,SCHAUMWEIN,Premium,75,5.13,FRA,46.227638,2.213749,6.44,12.0
1734709781-344,https://www.coop.ch/de/weine/alle-weine/c/m_2508pn=9,bourgogne aoc chardonnay louis jadot,18.95,"Frankreich, 2022",75cl,2.53/10cl,Frankreich,36,0,0,0,WEISSWEIN,Mid-Range,75,2.53,FRA,46.227638,2.213749,6.44,13.0
1734709781-346,https://www.coop.ch/de/weine/alle-weine/c/m_2508pn=9,legaris crianza ribera del duero do,25.5,"Spanien, 2021",75cl,3.40/10cl,Spanien,35,0,0,0,UNCATEGORIZED,Mid-Range,75,3.4,ESP,40.463667,-3.74922,3.52,13.0
1734709781-347,https://www.coop.ch/de/weine/alle-weine/c/m_2508pn=9,ripasso della valpolicella doc superiore vigne alte zeni,9.85,"Italien, 2022",75cl,1.31/10cl,Italien,56,0,0,1,UNCATEGORIZED,Budget,75,1.31,ITA,41.87194,12.56738,4.83,13.0
1734709781-348,https://www.coop.ch/de/weine/alle-weine/c/m_2508pn=9,vino nobile di montepulciano docg tenuta trerose,16.95,"Italien, 2020",75cl,2.26/10cl,Italien,48,0,0,0,UNCATEGORIZED,Mid-Range,75,2.26,ITA,41.87194,12.56738,4.83,13.0
1734709785-352,https://www.coop.ch/de/weine/alle-weine/c/m_2508pn=8,"prosecco superiore di valdobbiadene conegliano docg carpené malvolti, extra dry",10.95,Italien,75cl,1.46/10cl,Italien,79,0,0,1,SCHAUMWEIN,Mid-Range,75,1.46,ITA,41.87194,12.56738,4.83,11.0
1734709785-354,https://www.coop.ch/de/weine/alle-weine/c/m_2508pn=8,"champagne aoc charles bertin, brut",19.5,Frankreich,75cl,2.60/10cl,Frankreich,34,0,0,0,SCHAUMWEIN,Mid-Range,75,2.6,FRA,46.227638,2.213749,6.44,12.0
1734709785-355,https://www.coop.ch/de/weine/alle-weine/c/m_2508pn=8,"prosecco doc vigne dei dogi, extra dry",6.95,Italien,75cl,0.93/10cl,Italien,38,0,0,0,SCHAUMWEIN,Budget,75,0.93,ITA,41.87194,12.56738,4.83,11.0
1734709785-357,https://www.coop.ch/de/weine/alle-weine/c/m_2508pn=8,blu secco dose vino frizzante 6x20cl,8.7,Italien,120cl,0.73/10cl,Italien,36,0,0,0,SCHAUMWEIN,Budget,120,0.73,ITA,41.87194,12.56738,4.83,8.0
1734709785-358,https://www.coop.ch/de/weine/alle-weine/c/m_2508pn=8,toscana igt rosso villa antinori,12.95,"Italien, 2022",75cl,1.73/10cl,Italien,32,0,0,0,ROTWEIN,Mid-Range,75,1.73,ITA,41.87194,12.56738,4.83,5.0
1734709785-359,https://www.coop.ch/de/weine/alle-weine/c/m_2508pn=8,terre siciliane igt nero d'avola bromeus,13.95,"Italien, 2022",75cl,1.86/10cl,Italien,40,0,0,0,ROTWEIN,Mid-Range,75,1.86,ITA,41.87194,12.56738,4.83,13.0
1734709785-362,https://www.coop.ch/de/weine/alle-weine/c/m_2508pn=8,alsace aop gewürztraminer baron de hoen beblenheim,7.35,"Frankreich, 2022",75cl,0.98/10cl,Frankreich,50,0,0,0,GLÜHWEIN,Budget,75,0.98,FRA,46.227638,2.213749,6.44,13.0
1734709785-366,https://www.coop.ch/de/weine/alle-weine/c/m_2508pn=8,toscana igt bianco villa antinori,12.5,"Italien, 2023",75cl,1.67/10cl,Italien,33,0,0,0,WEISSWEIN,Mid-Range,75,1.67,ITA,41.87194,12.56738,4.83,5.0
1734709785-367,https://www.coop.ch/de/weine/alle-weine/c/m_2508pn=8,"naturaplan bio-crémant d'alsace aoc wolfberger, brut",10.95,Frankreich,75cl,1.46/10cl,Frankreich,52,1,0,0,SCHAUMWEIN,Mid-Range,75,1.46,FRA,46.227638,2.213749,6.44,11.0
1734709785-369,https://www.coop.ch/de/weine/alle-weine/c/m_2508pn=8,valdo prosecco di valdobbiadene docg,9.95,Italien,75cl,1.33/10cl,Italien,36,0,0,0,SCHAUMWEIN,Budget,75,1.33,ITA,41.87194,12.56738,4.83,11.0
1734709785-372,https://www.coop.ch/de/weine/alle-weine/c/m_2508pn=8,"champagne aoc impérial moët & chandon, brut",38.5,Frankreich,75cl,5.13/10cl,Frankreich,43,0,0,0,SCHAUMWEIN,Premium,75,5.13,FRA,46.227638,2.213749,6.44,12.0
1734709785-373,https://www.coop.ch/de/weine/alle-weine/c/m_2508pn=8,bourgogne aoc chardonnay louis jadot,18.95,"Frankreich, 2022",75cl,2.53/10cl,Frankreich,36,0,0,0,WEISSWEIN,Mid-Range,75,2.53,FRA,46.227638,2.213749,6.44,13.0
1734709785-375,https://www.coop.ch/de/weine/alle-weine/c/m_2508pn=8,legaris crianza ribera del duero do,25.5,"Spanien, 2021",75cl,3.40/10cl,Spanien,35,0,0,0,UNCATEGORIZED,Mid-Range,75,3.4,ESP,40.463667,-3.74922,3.52,13.0
1734709785-376,https://www.coop.ch/de/weine/alle-weine/c/m_2508pn=8,ripasso della valpolicella doc superiore vigne alte zeni,9.85,"Italien, 2022",75cl,1.31/10cl,Italien,56,0,0,1,UNCATEGORIZED,Budget,75,1.31,ITA,41.87194,12.56738,4.83,13.0
1734709785-377,https://www.coop.ch/de/weine/alle-weine/c/m_2508pn=8,vino nobile di montepulciano docg tenuta trerose,16.95,"Italien, 2020",75cl,2.26/10cl,Italien,48,0,0,0,UNCATEGORIZED,Mid-Range,75,2.26,ITA,41.87194,12.56738,4.83,13.0
1734709789-381,https://www.coop.ch/de/weine/alle-weine/c/m_2508pn=7,"prosecco superiore di valdobbiadene conegliano docg carpené malvolti, extra dry",10.95,Italien,75cl,1.46/10cl,Italien,79,0,0,1,SCHAUMWEIN,Mid-Range,75,1.46,ITA,41.87194,12.56738,4.83,11.0
1734709789-383,https://www.coop.ch/de/weine/alle-weine/c/m_2508pn=7,"champagne aoc charles bertin, brut",19.5,Frankreich,75cl,2.60/10cl,Frankreich,34,0,0,0,SCHAUMWEIN,Mid-Range,75,2.6,FRA,46.227638,2.213749,6.44,12.0
1734709789-384,https://www.coop.ch/de/weine/alle-weine/c/m_2508pn=7,"prosecco doc vigne dei dogi, extra dry",6.95,Italien,75cl,0.93/10cl,Italien,38,0,0,0,SCHAUMWEIN,Budget,75,0.93,ITA,41.87194,12.56738,4.83,11.0
1734709789-386,https://www.coop.ch/de/weine/alle-weine/c/m_2508pn=7,blu secco dose vino frizzante 6x20cl,8.7,Italien,120cl,0.73/10cl,Italien,36,0,0,0,SCHAUMWEIN,Budget,120,0.73,ITA,41.87194,12.56738,4.83,8.0
1734709789-387,https://www.coop.ch/de/weine/alle-weine/c/m_2508pn=7,toscana igt rosso villa antinori,12.95,"Italien, 2022",75cl,1.73/10cl,Italien,32,0,0,0,ROTWEIN,Mid-Range,75,1.73,ITA,41.87194,12.56738,4.83,5.0
1734709789-388,https://www.coop.ch/de/weine/alle-weine/c/m_2508pn=7,terre siciliane igt nero d'avola bromeus,13.95,"Italien, 2022",75cl,1.86/10cl,Italien,40,0,0,0,ROTWEIN,Mid-Range,75,1.86,ITA,41.87194,12.56738,4.83,13.0
1734709789-391,https://www.coop.ch/de/weine/alle-weine/c/m_2508pn=7,alsace aop gewürztraminer baron de hoen beblenheim,7.35,"Frankreich, 2022",75cl,0.98/10cl,Frankreich,50,0,0,0,GLÜHWEIN,Budget,75,0.98,FRA,46.227638,2.213749,6.44,13.0
1734709789-395,https://www.coop.ch/de/weine/alle-weine/c/m_2508pn=7,toscana igt bianco villa antinori,12.5,"Italien, 2023",75cl,1.67/10cl,Italien,33,0,0,0,WEISSWEIN,Mid-Range,75,1.67,ITA,41.87194,12.56738,4.83,5.0
1734709789-396,https://www.coop.ch/de/weine/alle-weine/c/m_2508pn=7,"naturaplan bio-crémant d'alsace aoc wolfberger, brut",10.95,Frankreich,75cl,1.46/10cl,Frankreich,52,1,0,0,SCHAUMWEIN,Mid-Range,75,1.46,FRA,46.227638,2.213749,6.44,11.0
1734709789-398,https://www.coop.ch/de/weine/alle-weine/c/m_2508pn=7,valdo prosecco di valdobbiadene docg,9.95,Italien,75cl,1.33/10cl,Italien,36,0,0,0,SCHAUMWEIN,Budget,75,1.33,ITA,41.87194,12.56738,4.83,11.0
1734709789-401,https://www.coop.ch/de/weine/alle-weine/c/m_2508pn=7,"champagne aoc impérial moët & chandon, brut",38.5,Frankreich,75cl,5.13/10cl,Frankreich,43,0,0,0,SCHAUMWEIN,Premium,75,5.13,FRA,46.227638,2.213749,6.44,12.0
1734709789-402,https://www.coop.ch/de/weine/alle-weine/c/m_2508pn=7,bourgogne aoc chardonnay louis jadot,18.95,"Frankreich, 2022",75cl,2.53/10cl,Frankreich,36,0,0,0,WEISSWEIN,Mid-Range,75,2.53,FRA,46.227638,2.213749,6.44,13.0
1734709789-404,https://www.coop.ch/de/weine/alle-weine/c/m_2508pn=7,legaris crianza ribera del duero do,25.5,"Spanien, 2021",75cl,3.40/10cl,Spanien,35,0,0,0,UNCATEGORIZED,Mid-Range,75,3.4,ESP,40.463667,-3.74922,3.52,13.0
1734709789-405,https://www.coop.ch/de/weine/alle-weine/c/m_2508pn=7,ripasso della valpolicella doc superiore vigne alte zeni,9.85,"Italien, 2022",75cl,1.31/10cl,Italien,56,0,0,1,UNCATEGORIZED,Budget,75,1.31,ITA,41.87194,12.56738,4.83,13.0
1734709789-406,https://www.coop.ch/de/weine/alle-weine/c/m_2508pn=7,vino nobile di montepulciano docg tenuta trerose,16.95,"Italien, 2020",75cl,2.26/10cl,Italien,48,0,0,0,UNCATEGORIZED,Mid-Range,75,2.26,ITA,41.87194,12.56738,4.83,13.0
1734709793-410,https://www.coop.ch/de/weine/alle-weine/c/m_2508pn=6,"prosecco superiore di valdobbiadene conegliano docg carpené malvolti, extra dry",10.95,Italien,75cl,1.46/10cl,Italien,79,0,0,1,SCHAUMWEIN,Mid-Range,75,1.46,ITA,41.87194,12.56738,4.83,11.0
1734709793-412,https://www.coop.ch/de/weine/alle-weine/c/m_2508pn=6,"champagne aoc charles bertin, brut",19.5,Frankreich,75cl,2.60/10cl,Frankreich,34,0,0,0,SCHAUMWEIN,Mid-Range,75,2.6,FRA,46.227638,2.213749,6.44,12.0
1734709793-413,https://www.coop.ch/de/weine/alle-weine/c/m_2508pn=6,"prosecco doc vigne dei dogi, extra dry",6.95,Italien,75cl,0.93/10cl,Italien,38,0,0,0,SCHAUMWEIN,Budget,75,0.93,ITA,41.87194,12.56738,4.83,11.0
1734709793-415,https://www.coop.ch/de/weine/alle-weine/c/m_2508pn=6,blu secco dose vino frizzante 6x20cl,8.7,Italien,120cl,0.73/10cl,Italien,36,0,0,0,SCHAUMWEIN,Budget,120,0.73,ITA,41.87194,12.56738,4.83,8.0
1734709793-416,https://www.coop.ch/de/weine/alle-weine/c/m_2508pn=6,toscana igt rosso villa antinori,12.95,"Italien, 2022",75cl,1.73/10cl,Italien,32,0,0,0,ROTWEIN,Mid-Range,75,1.73,ITA,41.87194,12.56738,4.83,5.0
1734709793-417,https://www.coop.ch/de/weine/alle-weine/c/m_2508pn=6,terre siciliane igt nero d'avola bromeus,13.95,"Italien, 2022",75cl,1.86/10cl,Italien,40,0,0,0,ROTWEIN,Mid-Range,75,1.86,ITA,41.87194,12.56738,4.83,13.0
1734709793-420,https://www.coop.ch/de/weine/alle-weine/c/m_2508pn=6,alsace aop gewürztraminer baron de hoen beblenheim,7.35,"Frankreich, 2022",75cl,0.98/10cl,Frankreich,50,0,0,0,GLÜHWEIN,Budget,75,0.98,FRA,46.227638,2.213749,6.44,13.0
1734709793-424,https://www.coop.ch/de/weine/alle-weine/c/m_2508pn=6,toscana igt bianco villa antinori,12.5,"Italien, 2023",75cl,1.67/10cl,Italien,33,0,0,0,WEISSWEIN,Mid-Range,75,1.67,ITA,41.87194,12.56738,4.83,5.0
1734709793-425,https://www.coop.ch/de/weine/alle-weine/c/m_2508pn=6,"naturaplan bio-crémant d'alsace aoc wolfberger, brut",10.95,Frankreich,75cl,1.46/10cl,Frankreich,52,1,0,0,SCHAUMWEIN,Mid-Range,75,1.46,FRA,46.227638,2.213749,6.44,11.0
1734709793-427,https://www.coop.ch/de/weine/alle-weine/c/m_2508pn=6,valdo prosecco di valdobbiadene docg,9.95,Italien,75cl,1.33/10cl,Italien,36,0,0,0,SCHAUMWEIN,Budget,75,1.33,ITA,41.87194,12.56738,4.83,11.0
1734709793-430,https://www.coop.ch/de/weine/alle-weine/c/m_2508pn=6,"champagne aoc impérial moët & chandon, brut",38.5,Frankreich,75cl,5.13/10cl,Frankreich,43,0,0,0,SCHAUMWEIN,Premium,75,5.13,FRA,46.227638,2.213749,6.44,12.0
1734709793-431,https://www.coop.ch/de/weine/alle-weine/c/m_2508pn=6,bourgogne aoc chardonnay louis jadot,18.95,"Frankreich, 2022",75cl,2.53/10cl,Frankreich,36,0,0,0,WEISSWEIN,Mid-Range,75,2.53,FRA,46.227638,2.213749,6.44,13.0
1734709793-433,https://www.coop.ch/de/weine/alle-weine/c/m_2508pn=6,legaris crianza ribera del duero do,25.5,"Spanien, 2021",75cl,3.40/10cl,Spanien,35,0,0,0,UNCATEGORIZED,Mid-Range,75,3.4,ESP,40.463667,-3.74922,3.52,13.0
1734709793-434,https://www.coop.ch/de/weine/alle-weine/c/m_2508pn=6,ripasso della valpolicella doc superiore vigne alte zeni,9.85,"Italien, 2022",75cl,1.31/10cl,Italien,56,0,0,1,UNCATEGORIZED,Budget,75,1.31,ITA,41.87194,12.56738,4.83,13.0
1734709793-435,https://www.coop.ch/de/weine/alle-weine/c/m_2508pn=6,vino nobile di montepulciano docg tenuta trerose,16.95,"Italien, 2020",75cl,2.26/10cl,Italien,48,0,0,0,UNCATEGORIZED,Mid-Range,75,2.26,ITA,41.87194,12.56738,4.83,13.0
1734709798-439,https://www.coop.ch/de/weine/alle-weine/c/m_2508pn=5,"prosecco superiore di valdobbiadene conegliano docg carpené malvolti, extra dry",10.95,Italien,75cl,1.46/10cl,Italien,79,0,0,1,SCHAUMWEIN,Mid-Range,75,1.46,ITA,41.87194,12.56738,4.83,11.0
1734709798-441,https://www.coop.ch/de/weine/alle-weine/c/m_2508pn=5,"champagne aoc charles bertin, brut",19.5,Frankreich,75cl,2.60/10cl,Frankreich,34,0,0,0,SCHAUMWEIN,Mid-Range,75,2.6,FRA,46.227638,2.213749,6.44,12.0
1734709798-442,https://www.coop.ch/de/weine/alle-weine/c/m_2508pn=5,"prosecco doc vigne dei dogi, extra dry",6.95,Italien,75cl,0.93/10cl,Italien,38,0,0,0,SCHAUMWEIN,Budget,75,0.93,ITA,41.87194,12.56738,4.83,11.0
1734709798-444,https://www.coop.ch/de/weine/alle-weine/c/m_2508pn=5,blu secco dose vino frizzante 6x20cl,8.7,Italien,120cl,0.73/10cl,Italien,36,0,0,0,SCHAUMWEIN,Budget,120,0.73,ITA,41.87194,12.56738,4.83,8.0
1734709798-445,https://www.coop.ch/de/weine/alle-weine/c/m_2508pn=5,toscana igt rosso villa antinori,12.95,"Italien, 2022",75cl,1.73/10cl,Italien,32,0,0,0,ROTWEIN,Mid-Range,75,1.73,ITA,41.87194,12.56738,4.83,5.0
1734709798-446,https://www.coop.ch/de/weine/alle-weine/c/m_2508pn=5,terre siciliane igt nero d'avola bromeus,13.95,"Italien, 2022",75cl,1.86/10cl,Italien,40,0,0,0,ROTWEIN,Mid-Range,75,1.86,ITA,41.87194,12.56738,4.83,13.0
1734709798-449,https://www.coop.ch/de/weine/alle-weine/c/m_2508pn=5,alsace aop gewürztraminer baron de hoen beblenheim,7.35,"Frankreich, 2022",75cl,0.98/10cl,Frankreich,50,0,0,0,GLÜHWEIN,Budget,75,0.98,FRA,46.227638,2.213749,6.44,13.0
1734709798-453,https://www.coop.ch/de/weine/alle-weine/c/m_2508pn=5,toscana igt bianco villa antinori,12.5,"Italien, 2023",75cl,1.67/10cl,Italien,33,0,0,0,WEISSWEIN,Mid-Range,75,1.67,ITA,41.87194,12.56738,4.83,5.0
1734709798-454,https://www.coop.ch/de/weine/alle-weine/c/m_2508pn=5,"naturaplan bio-crémant d'alsace aoc wolfberger, brut",10.95,Frankreich,75cl,1.46/10cl,Frankreich,52,1,0,0,SCHAUMWEIN,Mid-Range,75,1.46,FRA,46.227638,2.213749,6.44,11.0
1734709798-456,https://www.coop.ch/de/weine/alle-weine/c/m_2508pn=5,valdo prosecco di valdobbiadene docg,9.95,Italien,75cl,1.33/10cl,Italien,36,0,0,0,SCHAUMWEIN,Budget,75,1.33,ITA,41.87194,12.56738,4.83,11.0
1734709798-459,https://www.coop.ch/de/weine/alle-weine/c/m_2508pn=5,"champagne aoc impérial moët & chandon, brut",38.5,Frankreich,75cl,5.13/10cl,Frankreich,43,0,0,0,SCHAUMWEIN,Premium,75,5.13,FRA,46.227638,2.213749,6.44,12.0
1734709798-460,https://www.coop.ch/de/weine/alle-weine/c/m_2508pn=5,bourgogne aoc chardonnay louis jadot,18.95,"Frankreich, 2022",75cl,2.53/10cl,Frankreich,36,0,0,0,WEISSWEIN,Mid-Range,75,2.53,FRA,46.227638,2.213749,6.44,13.0
1734709798-462,https://www.coop.ch/de/weine/alle-weine/c/m_2508pn=5,legaris crianza ribera del duero do,25.5,"Spanien, 2021",75cl,3.40/10cl,Spanien,35,0,0,0,UNCATEGORIZED,Mid-Range,75,3.4,ESP,40.463667,-3.74922,3.52,13.0
1734709798-463,https://www.coop.ch/de/weine/alle-weine/c/m_2508pn=5,ripasso della valpolicella doc superiore vigne alte zeni,9.85,"Italien, 2022",75cl,1.31/10cl,Italien,56,0,0,1,UNCATEGORIZED,Budget,75,1.31,ITA,41.87194,12.56738,4.83,13.0
1734709798-464,https://www.coop.ch/de/weine/alle-weine/c/m_2508pn=5,vino nobile di montepulciano docg tenuta trerose,16.95,"Italien, 2020",75cl,2.26/10cl,Italien,48,0,0,0,UNCATEGORIZED,Mid-Range,75,2.26,ITA,41.87194,12.56738,4.83,13.0
1734709803-468,https://www.coop.ch/de/weine/alle-weine/c/m_2508pn=4,"prosecco superiore di valdobbiadene conegliano docg carpené malvolti, extra dry",10.95,Italien,75cl,1.46/10cl,Italien,79,0,0,1,SCHAUMWEIN,Mid-Range,75,1.46,ITA,41.87194,12.56738,4.83,11.0
1734709803-470,https://www.coop.ch/de/weine/alle-weine/c/m_2508pn=4,"champagne aoc charles bertin, brut",19.5,Frankreich,75cl,2.60/10cl,Frankreich,34,0,0,0,SCHAUMWEIN,Mid-Range,75,2.6,FRA,46.227638,2.213749,6.44,12.0
1734709803-471,https://www.coop.ch/de/weine/alle-weine/c/m_2508pn=4,"prosecco doc vigne dei dogi, extra dry",6.95,Italien,75cl,0.93/10cl,Italien,38,0,0,0,SCHAUMWEIN,Budget,75,0.93,ITA,41.87194,12.56738,4.83,11.0
1734709803-473,https://www.coop.ch/de/weine/alle-weine/c/m_2508pn=4,blu secco dose vino frizzante 6x20cl,8.7,Italien,120cl,0.73/10cl,Italien,36,0,0,0,SCHAUMWEIN,Budget,120,0.73,ITA,41.87194,12.56738,4.83,8.0
1734709803-474,https://www.coop.ch/de/weine/alle-weine/c/m_2508pn=4,toscana igt rosso villa antinori,12.95,"Italien, 2022",75cl,1.73/10cl,Italien,32,0,0,0,ROTWEIN,Mid-Range,75,1.73,ITA,41.87194,12.56738,4.83,5.0
1734709803-475,https://www.coop.ch/de/weine/alle-weine/c/m_2508pn=4,terre siciliane igt nero d'avola bromeus,13.95,"Italien, 2022",75cl,1.86/10cl,Italien,40,0,0,0,ROTWEIN,Mid-Range,75,1.86,ITA,41.87194,12.56738,4.83,13.0
1734709803-478,https://www.coop.ch/de/weine/alle-weine/c/m_2508pn=4,alsace aop gewürztraminer baron de hoen beblenheim,7.35,"Frankreich, 2022",75cl,0.98/10cl,Frankreich,50,0,0,0,GLÜHWEIN,Budget,75,0.98,FRA,46.227638,2.213749,6.44,13.0
1734709803-482,https://www.coop.ch/de/weine/alle-weine/c/m_2508pn=4,toscana igt bianco villa antinori,12.5,"Italien, 2023",75cl,1.67/10cl,Italien,33,0,0,0,WEISSWEIN,Mid-Range,75,1.67,ITA,41.87194,12.56738,4.83,5.0
1734709803-483,https://www.coop.ch/de/weine/alle-weine/c/m_2508pn=4,"naturaplan bio-crémant d'alsace aoc wolfberger, brut",10.95,Frankreich,75cl,1.46/10cl,Frankreich,52,1,0,0,SCHAUMWEIN,Mid-Range,75,1.46,FRA,46.227638,2.213749,6.44,11.0
1734709803-485,https://www.coop.ch/de/weine/alle-weine/c/m_2508pn=4,valdo prosecco di valdobbiadene docg,9.95,Italien,75cl,1.33/10cl,Italien,36,0,0,0,SCHAUMWEIN,Budget,75,1.33,ITA,41.87194,12.56738,4.83,11.0
1734709803-488,https://www.coop.ch/de/weine/alle-weine/c/m_2508pn=4,"champagne aoc impérial moët & chandon, brut",38.5,Frankreich,75cl,5.13/10cl,Frankreich,43,0,0,0,SCHAUMWEIN,Premium,75,5.13,FRA,46.227638,2.213749,6.44,12.0
1734709803-489,https://www.coop.ch/de/weine/alle-weine/c/m_2508pn=4,bourgogne aoc chardonnay louis jadot,18.95,"Frankreich, 2022",75cl,2.53/10cl,Frankreich,36,0,0,0,WEISSWEIN,Mid-Range,75,2.53,FRA,46.227638,2.213749,6.44,13.0
1734709803-491,https://www.coop.ch/de/weine/alle-weine/c/m_2508pn=4,legaris crianza ribera del duero do,25.5,"Spanien, 2021",75cl,3.40/10cl,Spanien,35,0,0,0,UNCATEGORIZED,Mid-Range,75,3.4,ESP,40.463667,-3.74922,3.52,13.0
1734709803-492,https://www.coop.ch/de/weine/alle-weine/c/m_2508pn=4,ripasso della valpolicella doc superiore vigne alte zeni,9.85,"Italien, 2022",75cl,1.31/10cl,Italien,56,0,0,1,UNCATEGORIZED,Budget,75,1.31,ITA,41.87194,12.56738,4.83,13.0
1734709803-493,https://www.coop.ch/de/weine/alle-weine/c/m_2508pn=4,vino nobile di montepulciano docg tenuta trerose,16.95,"Italien, 2020",75cl,2.26/10cl,Italien,48,0,0,0,UNCATEGORIZED,Mid-Range,75,2.26,ITA,41.87194,12.56738,4.83,13.0
1734709807-497,https://www.coop.ch/de/weine/alle-weine/c/m_2508pn=3,"prosecco superiore di valdobbiadene conegliano docg carpené malvolti, extra dry",10.95,Italien,75cl,1.46/10cl,Italien,79,0,0,1,SCHAUMWEIN,Mid-Range,75,1.46,ITA,41.87194,12.56738,4.83,11.0
1734709807-499,https://www.coop.ch/de/weine/alle-weine/c/m_2508pn=3,"champagne aoc charles bertin, brut",19.5,Frankreich,75cl,2.60/10cl,Frankreich,34,0,0,0,SCHAUMWEIN,Mid-Range,75,2.6,FRA,46.227638,2.213749,6.44,12.0
1734709807-500,https://www.coop.ch/de/weine/alle-weine/c/m_2508pn=3,"prosecco doc vigne dei dogi, extra dry",6.95,Italien,75cl,0.93/10cl,Italien,38,0,0,0,SCHAUMWEIN,Budget,75,0.93,ITA,41.87194,12.56738,4.83,11.0
1734709807-502,https://www.coop.ch/de/weine/alle-weine/c/m_2508pn=3,blu secco dose vino frizzante 6x20cl,8.7,Italien,120cl,0.73/10cl,Italien,36,0,0,0,SCHAUMWEIN,Budget,120,0.73,ITA,41.87194,12.56738,4.83,8.0
1734709807-503,https://www.coop.ch/de/weine/alle-weine/c/m_2508pn=3,toscana igt rosso villa antinori,12.95,"Italien, 2022",75cl,1.73/10cl,Italien,32,0,0,0,ROTWEIN,Mid-Range,75,1.73,ITA,41.87194,12.56738,4.83,5.0
1734709807-504,https://www.coop.ch/de/weine/alle-weine/c/m_2508pn=3,terre siciliane igt nero d'avola bromeus,13.95,"Italien, 2022",75cl,1.86/10cl,Italien,40,0,0,0,ROTWEIN,Mid-Range,75,1.86,ITA,41.87194,12.56738,4.83,13.0
1734709807-507,https://www.coop.ch/de/weine/alle-weine/c/m_2508pn=3,alsace aop gewürztraminer baron de hoen beblenheim,7.35,"Frankreich, 2022",75cl,0.98/10cl,Frankreich,50,0,0,0,GLÜHWEIN,Budget,75,0.98,FRA,46.227638,2.213749,6.44,13.0
1734709807-511,https://www.coop.ch/de/weine/alle-weine/c/m_2508pn=3,toscana igt bianco villa antinori,12.5,"Italien, 2023",75cl,1.67/10cl,Italien,33,0,0,0,WEISSWEIN,Mid-Range,75,1.67,ITA,41.87194,12.56738,4.83,5.0
1734709807-512,https://www.coop.ch/de/weine/alle-weine/c/m_2508pn=3,"naturaplan bio-crémant d'alsace aoc wolfberger, brut",10.95,Frankreich,75cl,1.46/10cl,Frankreich,52,1,0,0,SCHAUMWEIN,Mid-Range,75,1.46,FRA,46.227638,2.213749,6.44,11.0
1734709807-514,https://www.coop.ch/de/weine/alle-weine/c/m_2508pn=3,valdo prosecco di valdobbiadene docg,9.95,Italien,75cl,1.33/10cl,Italien,36,0,0,0,SCHAUMWEIN,Budget,75,1.33,ITA,41.87194,12.56738,4.83,11.0
1734709807-517,https://www.coop.ch/de/weine/alle-weine/c/m_2508pn=3,"champagne aoc impérial moët & chandon, brut",38.5,Frankreich,75cl,5.13/10cl,Frankreich,43,0,0,0,SCHAUMWEIN,Premium,75,5.13,FRA,46.227638,2.213749,6.44,12.0
1734709807-518,https://www.coop.ch/de/weine/alle-weine/c/m_2508pn=3,bourgogne aoc chardonnay louis jadot,18.95,"Frankreich, 2022",75cl,2.53/10cl,Frankreich,36,0,0,0,WEISSWEIN,Mid-Range,75,2.53,FRA,46.227638,2.213749,6.44,13.0
1734709807-520,https://www.coop.ch/de/weine/alle-weine/c/m_2508pn=3,legaris crianza ribera del duero do,25.5,"Spanien, 2021",75cl,3.40/10cl,Spanien,35,0,0,0,UNCATEGORIZED,Mid-Range,75,3.4,ESP,40.463667,-3.74922,3.52,13.0
1734709807-521,https://www.coop.ch/de/weine/alle-weine/c/m_2508pn=3,ripasso della valpolicella doc superiore vigne alte zeni,9.85,"Italien, 2022",75cl,1.31/10cl,Italien,56,0,0,1,UNCATEGORIZED,Budget,75,1.31,ITA,41.87194,12.56738,4.83,13.0
1734709807-522,https://www.coop.ch/de/weine/alle-weine/c/m_2508pn=3,vino nobile di montepulciano docg tenuta trerose,16.95,"Italien, 2020",75cl,2.26/10cl,Italien,48,0,0,0,UNCATEGORIZED,Mid-Range,75,2.26,ITA,41.87194,12.56738,4.83,13.0
1734709812-526,https://www.coop.ch/de/weine/alle-weine/c/m_2508pn=2,"prosecco superiore di valdobbiadene conegliano docg carpené malvolti, extra dry",10.95,Italien,75cl,1.46/10cl,Italien,79,0,0,1,SCHAUMWEIN,Mid-Range,75,1.46,ITA,41.87194,12.56738,4.83,11.0
1734709812-528,https://www.coop.ch/de/weine/alle-weine/c/m_2508pn=2,"champagne aoc charles bertin, brut",19.5,Frankreich,75cl,2.60/10cl,Frankreich,34,0,0,0,SCHAUMWEIN,Mid-Range,75,2.6,FRA,46.227638,2.213749,6.44,12.0
1734709812-529,https://www.coop.ch/de/weine/alle-weine/c/m_2508pn=2,"prosecco doc vigne dei dogi, extra dry",6.95,Italien,75cl,0.93/10cl,Italien,38,0,0,0,SCHAUMWEIN,Budget,75,0.93,ITA,41.87194,12.56738,4.83,11.0
1734709812-531,https://www.coop.ch/de/weine/alle-weine/c/m_2508pn=2,blu secco dose vino frizzante 6x20cl,8.7,Italien,120cl,0.73/10cl,Italien,36,0,0,0,SCHAUMWEIN,Budget,120,0.73,ITA,41.87194,12.56738,4.83,8.0
1734709812-532,https://www.coop.ch/de/weine/alle-weine/c/m_2508pn=2,toscana igt rosso villa antinori,12.95,"Italien, 2022",75cl,1.73/10cl,Italien,32,0,0,0,ROTWEIN,Mid-Range,75,1.73,ITA,41.87194,12.56738,4.83,5.0
1734709812-533,https://www.coop.ch/de/weine/alle-weine/c/m_2508pn=2,terre siciliane igt nero d'avola bromeus,13.95,"Italien, 2022",75cl,1.86/10cl,Italien,40,0,0,0,ROTWEIN,Mid-Range,75,1.86,ITA,41.87194,12.56738,4.83,13.0
1734709812-536,https://www.coop.ch/de/weine/alle-weine/c/m_2508pn=2,alsace aop gewürztraminer baron de hoen beblenheim,7.35,"Frankreich, 2022",75cl,0.98/10cl,Frankreich,50,0,0,0,GLÜHWEIN,Budget,75,0.98,FRA,46.227638,2.213749,6.44,13.0
1734709812-540,https://www.coop.ch/de/weine/alle-weine/c/m_2508pn=2,toscana igt bianco villa antinori,12.5,"Italien, 2023",75cl,1.67/10cl,Italien,33,0,0,0,WEISSWEIN,Mid-Range,75,1.67,ITA,41.87194,12.56738,4.83,5.0
1734709812-541,https://www.coop.ch/de/weine/alle-weine/c/m_2508pn=2,"naturaplan bio-crémant d'alsace aoc wolfberger, brut",10.95,Frankreich,75cl,1.46/10cl,Frankreich,52,1,0,0,SCHAUMWEIN,Mid-Range,75,1.46,FRA,46.227638,2.213749,6.44,11.0
1734709812-543,https://www.coop.ch/de/weine/alle-weine/c/m_2508pn=2,valdo prosecco di valdobbiadene docg,9.95,Italien,75cl,1.33/10cl,Italien,36,0,0,0,SCHAUMWEIN,Budget,75,1.33,ITA,41.87194,12.56738,4.83,11.0
1734709812-546,https://www.coop.ch/de/weine/alle-weine/c/m_2508pn=2,"champagne aoc impérial moët & chandon, brut",38.5,Frankreich,75cl,5.13/10cl,Frankreich,43,0,0,0,SCHAUMWEIN,Premium,75,5.13,FRA,46.227638,2.213749,6.44,12.0
1734709812-547,https://www.coop.ch/de/weine/alle-weine/c/m_2508pn=2,bourgogne aoc chardonnay louis jadot,18.95,"Frankreich, 2022",75cl,2.53/10cl,Frankreich,36,0,0,0,WEISSWEIN,Mid-Range,75,2.53,FRA,46.227638,2.213749,6.44,13.0
1734709812-549,https://www.coop.ch/de/weine/alle-weine/c/m_2508pn=2,legaris crianza ribera del duero do,25.5,"Spanien, 2021",75cl,3.40/10cl,Spanien,35,0,0,0,UNCATEGORIZED,Mid-Range,75,3.4,ESP,40.463667,-3.74922,3.52,13.0
1734709812-550,https://www.coop.ch/de/weine/alle-weine/c/m_2508pn=2,ripasso della valpolicella doc superiore vigne alte zeni,9.85,"Italien, 2022",75cl,1.31/10cl,Italien,56,0,0,1,UNCATEGORIZED,Budget,75,1.31,ITA,41.87194,12.56738,4.83,13.0
1734709812-551,https://www.coop.ch/de/weine/alle-weine/c/m_2508pn=2,vino nobile di montepulciano docg tenuta trerose,16.95,"Italien, 2020",75cl,2.26/10cl,Italien,48,0,0,0,UNCATEGORIZED,Mid-Range,75,2.26,ITA,41.87194,12.56738,4.83,13.0
1734709816-555,https://www.coop.ch/de/weine/alle-weine/c/m_2508pn=1,"prosecco superiore di valdobbiadene conegliano docg carpené malvolti, extra dry",10.95,Italien,75cl,1.46/10cl,Italien,79,0,0,1,SCHAUMWEIN,Mid-Range,75,1.46,ITA,41.87194,12.56738,4.83,11.0
1734709816-557,https://www.coop.ch/de/weine/alle-weine/c/m_2508pn=1,"champagne aoc charles bertin, brut",19.5,Frankreich,75cl,2.60/10cl,Frankreich,34,0,0,0,SCHAUMWEIN,Mid-Range,75,2.6,FRA,46.227638,2.213749,6.44,12.0
1734709816-558,https://www.coop.ch/de/weine/alle-weine/c/m_2508pn=1,"prosecco doc vigne dei dogi, extra dry",6.95,Italien,75cl,0.93/10cl,Italien,38,0,0,0,SCHAUMWEIN,Budget,75,0.93,ITA,41.87194,12.56738,4.83,11.0
1734709816-560,https://www.coop.ch/de/weine/alle-weine/c/m_2508pn=1,blu secco dose vino frizzante 6x20cl,8.7,Italien,120cl,0.73/10cl,Italien,36,0,0,0,SCHAUMWEIN,Budget,120,0.73,ITA,41.87194,12.56738,4.83,8.0
1734709816-561,https://www.coop.ch/de/weine/alle-weine/c/m_2508pn=1,toscana igt rosso villa antinori,12.95,"Italien, 2022",75cl,1.73/10cl,Italien,32,0,0,0,ROTWEIN,Mid-Range,75,1.73,ITA,41.87194,12.56738,4.83,5.0
1734709816-562,https://www.coop.ch/de/weine/alle-weine/c/m_2508pn=1,terre siciliane igt nero d'avola bromeus,13.95,"Italien, 2022",75cl,1.86/10cl,Italien,40,0,0,0,ROTWEIN,Mid-Range,75,1.86,ITA,41.87194,12.56738,4.83,13.0
1734709816-565,https://www.coop.ch/de/weine/alle-weine/c/m_2508pn=1,alsace aop gewürztraminer baron de hoen beblenheim,7.35,"Frankreich, 2022",75cl,0.98/10cl,Frankreich,50,0,0,0,GLÜHWEIN,Budget,75,0.98,FRA,46.227638,2.213749,6.44,13.0
1734709816-569,https://www.coop.ch/de/weine/alle-weine/c/m_2508pn=1,toscana igt bianco villa antinori,12.5,"Italien, 2023",75cl,1.67/10cl,Italien,33,0,0,0,WEISSWEIN,Mid-Range,75,1.67,ITA,41.87194,12.56738,4.83,5.0
1734709816-570,https://www.coop.ch/de/weine/alle-weine/c/m_2508pn=1,"naturaplan bio-crémant d'alsace aoc wolfberger, brut",10.95,Frankreich,75cl,1.46/10cl,Frankreich,52,1,0,0,SCHAUMWEIN,Mid-Range,75,1.46,FRA,46.227638,2.213749,6.44,11.0
1734709816-572,https://www.coop.ch/de/weine/alle-weine/c/m_2508pn=1,valdo prosecco di valdobbiadene docg,9.95,Italien,75cl,1.33/10cl,Italien,36,0,0,0,SCHAUMWEIN,Budget,75,1.33,ITA,41.87194,12.56738,4.83,11.0
1734709816-575,https://www.coop.ch/de/weine/alle-weine/c/m_2508pn=1,"champagne aoc impérial moët & chandon, brut",38.5,Frankreich,75cl,5.13/10cl,Frankreich,43,0,0,0,SCHAUMWEIN,Premium,75,5.13,FRA,46.227638,2.213749,6.44,12.0
1734709816-576,https://www.coop.ch/de/weine/alle-weine/c/m_2508pn=1,bourgogne aoc chardonnay louis jadot,18.95,"Frankreich, 2022",75cl,2.53/10cl,Frankreich,36,0,0,0,WEISSWEIN,Mid-Range,75,2.53,FRA,46.227638,2.213749,6.44,13.0
1734709816-578,https://www.coop.ch/de/weine/alle-weine/c/m_2508pn=1,legaris crianza ribera del duero do,25.5,"Spanien, 2021",75cl,3.40/10cl,Spanien,35,0,0,0,UNCATEGORIZED,Mid-Range,75,3.4,ESP,40.463667,-3.74922,3.52,13.0
1734709816-579,https://www.coop.ch/de/weine/alle-weine/c/m_2508pn=1,ripasso della valpolicella doc superiore vigne alte zeni,9.85,"Italien, 2022",75cl,1.31/10cl,Italien,56,0,0,1,UNCATEGORIZED,Budget,75,1.31,ITA,41.87194,12.56738,4.83,13.0
1734709816-580,https://www.coop.ch/de/weine/alle-weine/c/m_2508pn=1,vino nobile di montepulciano docg tenuta trerose,16.95,"Italien, 2020",75cl,2.26/10cl,Italien,48,0,0,0,UNCATEGORIZED,Mid-Range,75,2.26,ITA,41.87194,12.56738,4.83,13.0
