web-scraper-order,web-scraper-start-url,name_raw,price_raw,country_raw,quantity_raw,value_raw
"1734709733-1","https://www.coop.ch/de/weine/alle-weine/c/m_2508pn=20","Naturaplan Bio-Prosecco DOC Raphael Dal Bo, extra dry","11.95","Italien","75cl","1.59/10cl"
"1734709733-2","https://www.coop.ch/de/weine/alle-weine/c/m_2508pn=20","Rimuss Party Traubensaft weiss, alkoholfrei","4.20","Rimuss","70cl","0.60/10cl"
"1734709733-3","https://www.coop.ch/de/weine/alle-weine/c/m_2508pn=20","Zürich AOC Staatsschreiber Cuvée Blanc Prestige","12.70","Schweiz, 2023","75cl","1.69/10cl"
"1734709733-4","https://www.coop.ch/de/weine/alle-weine/c/m_2508pn=20","Prosecco Superiore di Valdobbiadene Conegliano DOCG Carpené Malvolti, extra dry","10.95","Italien","75cl","1.46/10cl"
"1734709733-5","https://www.coop.ch/de/weine/alle-weine/c/m_2508pn=20","Aigle Les Murailles Chablais AOC H. Badoux","22.50","Schweiz, 2023","70cl","3.21/10cl"
"1734709733-6","https://www.coop.ch/de/weine/alle-weine/c/m_2508pn=20","Champagne AOC Charles Bertin, brut","19.50","Frankreich","75cl","2.60/10cl"
"1734709733-7","https://www.coop.ch/de/weine/alle-weine/c/m_2508pn=20","Prosecco DOC Vigne dei Dogi, extra dry","6.95","Italien","75cl","0.93/10cl"
"1734709733-8","https://www.coop.ch/de/weine/alle-weine/c/m_2508pn=20","Zürich AOC Federweisser Stauffacher","9.95","Schweiz, 2023","75cl","1.33/10cl"
"1734709733-9","https://www.coop.ch/de/weine/alle-weine/c/m_2508pn=20","Blu Secco Dose Vino Frizzante 6x20cl","8.70","Italien","120cl","0.73/10cl"
"1734709733-10","https://www.coop.ch/de/weine/alle-weine/c/m_2508pn=20","Toscana IGT Rosso Villa Antinori","12.95","Italien, 2022","75cl","1.73/10cl"
"1734709733-11","https://www.coop.ch/de/weine/alle-weine/c/m_2508pn=20","Terre Siciliane IGT Nero d'Avola Bromeus","13.95","Italien, 2022","75cl","1.86/10cl"
"1734709733-12","https://www.coop.ch/de/weine/alle-weine/c/m_2508pn=20","La Côte AOC Grand Cru Perroy Cuvée 48 Cave de Jolimont 6x  70cl","41.70","Schweiz, 2023","6x 70cl","0.99/10cl"
"1734709733-13","https://www.coop.ch/de/weine/alle-weine/c/m_2508pn=20","Lavaux AOC St-Saphorin La Donjannaz Les Terrasses de Lavaux","14.95","Schweiz, 2023","70cl","2.14/10cl"
"1734709733-14","https://www.coop.ch/de/weine/alle-weine/c/m_2508pn=20","Alsace AOP Gewürztraminer Baron de Hoen Beblenheim","7.35","Frankreich, 2022","75cl","0.98/10cl"
"1734709733-15","https://www.coop.ch/de/weine/alle-weine/c/m_2508pn=20","Valais AOC Dôle Blanche Les Bernadettes","9.30","Schweiz, 2023","75cl","1.24/10cl"
"1734709733-16","https://www.coop.ch/de/weine/alle-weine/c/m_2508pn=20","Douro DOC Fabelhaft Niepoort","11.25","Portugal, 2021","75cl","1.50/10cl"
"1734709733-17","https://www.coop.ch/de/weine/alle-weine/c/m_2508pn=20","Glühwein Heisser Hirsch Rot","4.50","Deutschland","75cl","0.60/10cl"
"1734709733-18","https://www.coop.ch/de/weine/alle-weine/c/m_2508pn=20","Toscana IGT Bianco Villa Antinori","12.50","Italien, 2023","75cl","1.67/10cl"
"1734709733-19","https://www.coop.ch/de/weine/alle-weine/c/m_2508pn=20","Naturaplan Bio-Crémant d'Alsace AOC Wolfberger, brut","10.95","Frankreich","75cl","1.46/10cl"
"1734709733-20","https://www.coop.ch/de/weine/alle-weine/c/m_2508pn=20","Médoc AOC Château Laffitte Laujac","8.95","Frankreich, 2021","75cl","1.19/10cl"
"1734709733-21","https://www.coop.ch/de/weine/alle-weine/c/m_2508pn=20","Valdo Prosecco di Valdobbiadene DOCG","9.95","Italien","75cl","1.33/10cl"
"1734709733-22","https://www.coop.ch/de/weine/alle-weine/c/m_2508pn=20","Rimuss Champion Moscato, alkoholfrei","4.95","Rimuss","75cl","0.66/10cl"
"1734709733-23","https://www.coop.ch/de/weine/alle-weine/c/m_2508pn=20","Freixenet Carta Medium Dry semi seco","6.95","Spanien","75cl","0.93/10cl"
"1734709733-24","https://www.coop.ch/de/weine/alle-weine/c/m_2508pn=20","Champagne AOC Impérial Moët & Chandon, brut","38.50","Frankreich","75cl","5.13/10cl"
"1734709733-25","https://www.coop.ch/de/weine/alle-weine/c/m_2508pn=20","Bourgogne AOC Chardonnay Louis Jadot","18.95","Frankreich, 2022","75cl","2.53/10cl"
"1734709733-26","https://www.coop.ch/de/weine/alle-weine/c/m_2508pn=20","Valais AOC Rosé Oeil de Perdrix Le Rosel 6x  75cl","42.60","Schweiz, 2023","6x 75cl","0.95/10cl"
"1734709733-27","https://www.coop.ch/de/weine/alle-weine/c/m_2508pn=20","Legaris Crianza Ribera del Duero DO","25.50","Spanien, 2021","75cl","3.40/10cl"
"1734709733-28","https://www.coop.ch/de/weine/alle-weine/c/m_2508pn=20","Ripasso della Valpolicella DOC Superiore Vigne Alte Zeni","9.85","Italien, 2022","75cl","1.31/10cl"
"1734709733-29","https://www.coop.ch/de/weine/alle-weine/c/m_2508pn=20","Vino Nobile di Montepulciano DOCG Tenuta Trerose","16.95","Italien, 2020","75cl","2.26/10cl"
"1734709737-30","https://www.coop.ch/de/weine/alle-weine/c/m_2508pn=19","Naturaplan Bio-Prosecco DOC Raphael Dal Bo, extra dry","11.95","Italien","75cl","1.59/10cl"
"1734709737-31","https://www.coop.ch/de/weine/alle-weine/c/m_2508pn=19","Rimuss Party Traubensaft weiss, alkoholfrei","4.20","Rimuss","70cl","0.60/10cl"
"1734709737-32","https://www.coop.ch/de/weine/alle-weine/c/m_2508pn=19","Zürich AOC Staatsschreiber Cuvée Blanc Prestige","12.70","Schweiz, 2023","75cl","1.69/10cl"
"1734709737-33","https://www.coop.ch/de/weine/alle-weine/c/m_2508pn=19","Prosecco Superiore di Valdobbiadene Conegliano DOCG Carpené Malvolti, extra dry","10.95","Italien","75cl","1.46/10cl"
"1734709737-34","https://www.coop.ch/de/weine/alle-weine/c/m_2508pn=19","Aigle Les Murailles Chablais AOC H. Badoux","22.50","Schweiz, 2023","70cl","3.21/10cl"
"1734709737-35","https://www.coop.ch/de/weine/alle-weine/c/m_2508pn=19","Champagne AOC Charles Bertin, brut","19.50","Frankreich","75cl","2.60/10cl"
"1734709737-36","https://www.coop.ch/de/weine/alle-weine/c/m_2508pn=19","Prosecco DOC Vigne dei Dogi, extra dry","6.95","Italien","75cl","0.93/10cl"
"1734709737-37","https://www.coop.ch/de/weine/alle-weine/c/m_2508pn=19","Zürich AOC Federweisser Stauffacher","9.95","Schweiz, 2023","75cl","1.33/10cl"
"1734709737-38","https://www.coop.ch/de/weine/alle-weine/c/m_2508pn=19","Blu Secco Dose Vino Frizzante 6x20cl","8.70","Italien","120cl","0.73/10cl"
"1734709737-39","https://www.coop.ch/de/weine/alle-weine/c/m_2508pn=19","Toscana IGT Rosso Villa Antinori","12.95","Italien, 2022","75cl","1.73/10cl"
"1734709737-40","https://www.coop.ch/de/weine/alle-weine/c/m_2508pn=19","Terre Siciliane IGT Nero d'Avola Bromeus","13.95","Italien, 2022","75cl","1.86/10cl"
"1734709737-41","https://www.coop.ch/de/weine/alle-weine/c/m_2508pn=19","La Côte AOC Grand Cru Perroy Cuvée 48 Cave de Jolimont 6x  70cl","41.70","Schweiz, 2023","6x 70cl","0.99/10cl"
"1734709737-42","https://www.coop.ch/de/weine/alle-weine/c/m_2508pn=19","Lavaux AOC St-Saphorin La Donjannaz Les Terrasses de Lavaux","14.95","Schweiz, 2023","70cl","2.14/10cl"
"1734709737-43","https://www.coop.ch/de/weine/alle-weine/c/m_2508pn=19","Alsace AOP Gewürztraminer Baron de Hoen Beblenheim","7.35","Frankreich, 2022","75cl","0.98/10cl"
"1734709737-44","https://www.coop.ch/de/weine/alle-weine/c/m_2508pn=19","Valais AOC Dôle Blanche Les Bernadettes","9.30","Schweiz, 2023","75cl","1.24/10cl"
"1734709737-45","https://www.coop.ch/de/weine/alle-weine/c/m_2508pn=19","Douro DOC Fabelhaft Niepoort","11.25","Portugal, 2021","75cl","1.50/10cl"
"1734709737-46","https://www.coop.ch/de/weine/alle-weine/c/m_2508pn=19","Glühwein Heisser Hirsch Rot","4.50","Deutschland","75cl","0.60/10cl"
"1734709737-47","https://www.coop.ch/de/weine/alle-weine/c/m_2508pn=19","Toscana IGT Bianco Villa Antinori","12.50","Italien, 2023","75cl","1.67/10cl"
"1734709737-48","https://www.coop.ch/de/weine/alle-weine/c/m_2508pn=19","Naturaplan Bio-Crémant d'Alsace AOC Wolfberger, brut","10.95","Frankreich","75cl","1.46/10cl"
"1734709737-49","https://www.coop.ch/de/weine/alle-weine/c/m_2508pn=19","Médoc AOC Château Laffitte Laujac","8.95","Frankreich, 2021","75cl","1.19/10cl"
"1734709737-50","https://www.coop.ch/de/weine/alle-weine/c/m_2508pn=19","Valdo Prosecco di Valdobbiadene DOCG","9.95","Italien","75cl","1.33/10cl"
"1734709737-51","https://www.coop.ch/de/weine/alle-weine/c/m_2508pn=19","Rimuss Champion Moscato, alkoholfrei","4.95","Rimuss","75cl","0.66/10cl"
"1734709737-52","https://www.coop.ch/de/weine/alle-weine/c/m_2508pn=19","Freixenet Carta Medium Dry semi seco","6.95","Spanien","75cl","0.93/10cl"
"1734709737-53","https://www.coop.ch/de/weine/alle-weine/c/m_2508pn=19","Champagne AOC Impérial Moët & Chandon, brut","38.50","Frankreich","75cl","5.13/10cl"
"1734709737-54","https://www.coop.ch/de/weine/alle-weine/c/m_2508pn=19","Bourgogne AOC Chardonnay Louis Jadot","18.95","Frankreich, 2022","75cl","2.53/10cl"
"1734709737-55","https://www.coop.ch/de/weine/alle-weine/c/m_2508pn=19","Valais AOC Rosé Oeil de Perdrix Le Rosel 6x  75cl","42.60","Schweiz, 2023","6x 75cl","0.95/10cl"
"1734709737-56","https://www.coop.ch/de/weine/alle-weine/c/m_2508pn=19","Legaris Crianza Ribera del Duero DO","25.50","Spanien, 2021","75cl","3.40/10cl"
"1734709737-57","https://www.coop.ch/de/weine/alle-weine/c/m_2508pn=19","Ripasso della Valpolicella DOC Superiore Vigne Alte Zeni","9.85","Italien, 2022","75cl","1.31/10cl"
"1734709737-58","https://www.coop.ch/de/weine/alle-weine/c/m_2508pn=19","Vino Nobile di Montepulciano DOCG Tenuta Trerose","16.95","Italien, 2020","75cl","2.26/10cl"
"1734709741-59","https://www.coop.ch/de/weine/alle-weine/c/m_2508pn=18","Naturaplan Bio-Prosecco DOC Raphael Dal Bo, extra dry","11.95","Italien","75cl","1.59/10cl"
"1734709741-60","https://www.coop.ch/de/weine/alle-weine/c/m_2508pn=18","Rimuss Party Traubensaft weiss, alkoholfrei","4.20","Rimuss","70cl","0.60/10cl"
"1734709741-61","https://www.coop.ch/de/weine/alle-weine/c/m_2508pn=18","Zürich AOC Staatsschreiber Cuvée Blanc Prestige","12.70","Schweiz, 2023","75cl","1.69/10cl"
"1734709741-62","https://www.coop.ch/de/weine/alle-weine/c/m_2508pn=18","Prosecco Superiore di Valdobbiadene Conegliano DOCG Carpené Malvolti, extra dry","10.95","Italien","75cl","1.46/10cl"
"1734709741-63","https://www.coop.ch/de/weine/alle-weine/c/m_2508pn=18","Aigle Les Murailles Chablais AOC H. Badoux","22.50","Schweiz, 2023","70cl","3.21/10cl"
"1734709741-64","https://www.coop.ch/de/weine/alle-weine/c/m_2508pn=18","Champagne AOC Charles Bertin, brut","19.50","Frankreich","75cl","2.60/10cl"
"1734709741-65","https://www.coop.ch/de/weine/alle-weine/c/m_2508pn=18","Prosecco DOC Vigne dei Dogi, extra dry","6.95","Italien","75cl","0.93/10cl"
"1734709741-66","https://www.coop.ch/de/weine/alle-weine/c/m_2508pn=18","Zürich AOC Federweisser Stauffacher","9.95","Schweiz, 2023","75cl","1.33/10cl"
"1734709741-67","https://www.coop.ch/de/weine/alle-weine/c/m_2508pn=18","Blu Secco Dose Vino Frizzante 6x20cl","8.70","Italien","120cl","0.73/10cl"
"1734709741-68","https://www.coop.ch/de/weine/alle-weine/c/m_2508pn=18","Toscana IGT Rosso Villa Antinori","12.95","Italien, 2022","75cl","1.73/10cl"
"1734709741-69","https://www.coop.ch/de/weine/alle-weine/c/m_2508pn=18","Terre Siciliane IGT Nero d'Avola Bromeus","13.95","Italien, 2022","75cl","1.86/10cl"
"1734709741-70","https://www.coop.ch/de/weine/alle-weine/c/m_2508pn=18","La Côte AOC Grand Cru Perroy Cuvée 48 Cave de Jolimont 6x  70cl","41.70","Schweiz, 2023","6x 70cl","0.99/10cl"
"1734709741-71","https://www.coop.ch/de/weine/alle-weine/c/m_2508pn=18","Lavaux AOC St-Saphorin La Donjannaz Les Terrasses de Lavaux","14.95","Schweiz, 2023","70cl","2.14/10cl"
"1734709741-72","https://www.coop.ch/de/weine/alle-weine/c/m_2508pn=18","Alsace AOP Gewürztraminer Baron de Hoen Beblenheim","7.35","Frankreich, 2022","75cl","0.98/10cl"
"1734709741-73","https://www.coop.ch/de/weine/alle-weine/c/m_2508pn=18","Valais AOC Dôle Blanche Les Bernadettes","9.30","Schweiz, 2023","75cl","1.24/10cl"
"1734709741-74","https://www.coop.ch/de/weine/alle-weine/c/m_2508pn=18","Douro DOC Fabelhaft Niepoort","11.25","Portugal, 2021","75cl","1.50/10cl"
"1734709741-75","https://www.coop.ch/de/weine/alle-weine/c/m_2508pn=18","Glühwein Heisser Hirsch Rot","4.50","Deutschland","75cl","0.60/10cl"
"1734709741-76","https://www.coop.ch/de/weine/alle-weine/c/m_2508pn=18","Toscana IGT Bianco Villa Antinori","12.50","Italien, 2023","75cl","1.67/10cl"
"1734709741-77","https://www.coop.ch/de/weine/alle-weine/c/m_2508pn=18","Naturaplan Bio-Crémant d'Alsace AOC Wolfberger, brut","10.95","Frankreich","75cl","1.46/10cl"
"1734709741-78","https://www.coop.ch/de/weine/alle-weine/c/m_2508pn=18","Médoc AOC Château Laffitte Laujac","8.95","Frankreich, 2021","75cl","1.19/10cl"
"1734709741-79","https://www.coop.ch/de/weine/alle-weine/c/m_2508pn=18","Valdo Prosecco di Valdobbiadene DOCG","9.95","Italien","75cl","1.33/10cl"
"1734709741-80","https://www.coop.ch/de/weine/alle-weine/c/m_2508pn=18","Rimuss Champion Moscato, alkoholfrei","4.95","Rimuss","75cl","0.66/10cl"
"1734709741-81","https://www.coop.ch/de/weine/alle-weine/c/m_2508pn=18","Freixenet Carta Medium Dry semi seco","6.95","Spanien","75cl","0.93/10cl"
"1734709741-82","https://www.coop.ch/de/weine/alle-weine/c/m_2508pn=18","Champagne AOC Impérial Moët & Chandon, brut","38.50","Frankreich","75cl","5.13/10cl"
"1734709741-83","https://www.coop.ch/de/weine/alle-weine/c/m_2508pn=18","Bourgogne AOC Chardonnay Louis Jadot","18.95","Frankreich, 2022","75cl","2.53/10cl"
"1734709741-84","https://www.coop.ch/de/weine/alle-weine/c/m_2508pn=18","Valais AOC Rosé Oeil de Perdrix Le Rosel 6x  75cl","42.60","Schweiz, 2023","6x 75cl","0.95/10cl"
"1734709741-85","https://www.coop.ch/de/weine/alle-weine/c/m_2508pn=18","Legaris Crianza Ribera del Duero DO","25.50","Spanien, 2021","75cl","3.40/10cl"
"1734709741-86","https://www.coop.ch/de/weine/alle-weine/c/m_2508pn=18","Ripasso della Valpolicella DOC Superiore Vigne Alte Zeni","9.85","Italien, 2022","75cl","1.31/10cl"
"1734709741-87","https://www.coop.ch/de/weine/alle-weine/c/m_2508pn=18","Vino Nobile di Montepulciano DOCG Tenuta Trerose","16.95","Italien, 2020","75cl","2.26/10cl"
"1734709745-88","https://www.coop.ch/de/weine/alle-weine/c/m_2508pn=17","Naturaplan Bio-Prosecco DOC Raphael Dal Bo, extra dry","11.95","Italien","75cl","1.59/10cl"
"1734709745-89","https://www.coop.ch/de/weine/alle-weine/c/m_2508pn=17","Rimuss Party Traubensaft weiss, alkoholfrei","4.20","Rimuss","70cl","0.60/10cl"
"1734709745-90","https://www.coop.ch/de/weine/alle-weine/c/m_2508pn=17","Zürich AOC Staatsschreiber Cuvée Blanc Prestige","12.70","Schweiz, 2023","75cl","1.69/10cl"
"1734709745-91","https://www.coop.ch/de/weine/alle-weine/c/m_2508pn=17","Prosecco Superiore di Valdobbiadene Conegliano DOCG Carpené Malvolti, extra dry","10.95","Italien","75cl","1.46/10cl"
"1734709745-92","https://www.coop.ch/de/weine/alle-weine/c/m_2508pn=17","Aigle Les Murailles Chablais AOC H. Badoux","22.50","Schweiz, 2023","70cl","3.21/10cl"
"1734709745-93","https://www.coop.ch/de/weine/alle-weine/c/m_2508pn=17","Champagne AOC Charles Bertin, brut","19.50","Frankreich","75cl","2.60/10cl"
"1734709745-94","https://www.coop.ch/de/weine/alle-weine/c/m_2508pn=17","Prosecco DOC Vigne dei Dogi, extra dry","6.95","Italien","75cl","0.93/10cl"
"1734709745-95","https://www.coop.ch/de/weine/alle-weine/c/m_2508pn=17","Zürich AOC Federweisser Stauffacher","9.95","Schweiz, 2023","75cl","1.33/10cl"
"1734709745-96","https://www.coop.ch/de/weine/alle-weine/c/m_2508pn=17","Blu Secco Dose Vino Frizzante 6x20cl","8.70","Italien","120cl","0.73/10cl"
"1734709745-97","https://www.coop.ch/de/weine/alle-weine/c/m_2508pn=17","Toscana IGT Rosso Villa Antinori","12.95","Italien, 2022","75cl","1.73/10cl"
"1734709745-98","https://www.coop.ch/de/weine/alle-weine/c/m_2508pn=17","Terre Siciliane IGT Nero d'Avola Bromeus","13.95","Italien, 2022","75cl","1.86/10cl"
"1734709745-99","https://www.coop.ch/de/weine/alle-weine/c/m_2508pn=17","La Côte AOC Grand Cru Perroy Cuvée 48 Cave de Jolimont 6x  70cl","41.70","Schweiz, 2023","6x 70cl","0.99/10cl"
"1734709745-100","https://www.coop.ch/de/weine/alle-weine/c/m_2508pn=17","Lavaux AOC St-Saphorin La Donjannaz Les Terrasses de Lavaux","14.95","Schweiz, 2023","70cl","2.14/10cl"
"1734709745-101","https://www.coop.ch/de/weine/alle-weine/c/m_2508pn=17","Alsace AOP Gewürztraminer Baron de Hoen Beblenheim","7.35","Frankreich, 2022","75cl","0.98/10cl"
"1734709745-102","https://www.coop.ch/de/weine/alle-weine/c/m_2508pn=17","Valais AOC Dôle Blanche Les Bernadettes","9.30","Schweiz, 2023","75cl","1.24/10cl"
"1734709745-103","https://www.coop.ch/de/weine/alle-weine/c/m_2508pn=17","Douro DOC Fabelhaft Niepoort","11.25","Portugal, 2021","75cl","1.50/10cl"
"1734709745-104","https://www.coop.ch/de/weine/alle-weine/c/m_2508pn=17","Glühwein Heisser Hirsch Rot","4.50","Deutschland","75cl","0.60/10cl"
"1734709745-105","https://www.coop.ch/de/weine/alle-weine/c/m_2508pn=17","Toscana IGT Bianco Villa Antinori","12.50","Italien, 2023","75cl","1.67/10cl"
"1734709745-106","https://www.coop.ch/de/weine/alle-weine/c/m_2508pn=17","Naturaplan Bio-Crémant d'Alsace AOC Wolfberger, brut","10.95","Frankreich","75cl","1.46/10cl"
"1734709745-107","https://www.coop.ch/de/weine/alle-weine/c/m_2508pn=17","Médoc AOC Château Laffitte Laujac","8.95","Frankreich, 2021","75cl","1.19/10cl"
"1734709745-108","https://www.coop.ch/de/weine/alle-weine/c/m_2508pn=17","Valdo Prosecco di Valdobbiadene DOCG","9.95","Italien","75cl","1.33/10cl"
"1734709745-109","https://www.coop.ch/de/weine/alle-weine/c/m_2508pn=17","Rimuss Champion Moscato, alkoholfrei","4.95","Rimuss","75cl","0.66/10cl"
"1734709745-110","https://www.coop.ch/de/weine/alle-weine/c/m_2508pn=17","Freixenet Carta Medium Dry semi seco","6.95","Spanien","75cl","0.93/10cl"
"1734709745-111","https://www.coop.ch/de/weine/alle-weine/c/m_2508pn=17","Champagne AOC Impérial Moët & Chandon, brut","38.50","Frankreich","75cl","5.13/10cl"
"1734709745-112","https://www.coop.ch/de/weine/alle-weine/c/m_2508pn=17","Bourgogne AOC Chardonnay Louis Jadot","18.95","Frankreich, 2022","75cl","2.53/10cl"
"1734709745-113","https://www.coop.ch/de/weine/alle-weine/c/m_2508pn=17","Valais AOC Rosé Oeil de Perdrix Le Rosel 6x  75cl","42.60","Schweiz, 2023","6x 75cl","0.95/10cl"
"1734709745-114","https://www.coop.ch/de/weine/alle-weine/c/m_2508pn=17","Legaris Crianza Ribera del Duero DO","25.50","Spanien, 2021","75cl","3.40/10cl"
"1734709745-115","https://www.coop.ch/de/weine/alle-weine/c/m_2508pn=17","Ripasso della Valpolicella DOC Superiore Vigne Alte Zeni","9.85","Italien, 2022","75cl","1.31/10cl"
"1734709745-116","https://www.coop.ch/de/weine/alle-weine/c/m_2508pn=17","Vino Nobile di Montepulciano DOCG Tenuta Trerose","16.95","Italien, 2020","75cl","2.26/10cl"
"1734709749-117","https://www.coop.ch/de/weine/alle-weine/c/m_2508pn=16","Naturaplan Bio-Prosecco DOC Raphael Dal Bo, extra dry","11.95","Italien","75cl","1.59/10cl"
"1734709749-118","https://www.coop.ch/de/weine/alle-weine/c/m_2508pn=16","Rimuss Party Traubensaft weiss, alkoholfrei","4.20","Rimuss","70cl","0.60/10cl"
"1734709749-119","https://www.coop.ch/de/weine/alle-weine/c/m_2508pn=16","Zürich AOC Staatsschreiber Cuvée Blanc Prestige","12.70","Schweiz, 2023","75cl","1.69/10cl"
"1734709749-120","https://www.coop.ch/de/weine/alle-weine/c/m_2508pn=16","Prosecco Superiore di Valdobbiadene Conegliano DOCG Carpené Malvolti, extra dry","10.95","Italien","75cl","1.46/10cl"
"1734709749-121","https://www.coop.ch/de/weine/alle-weine/c/m_2508pn=16","Aigle Les Murailles Chablais AOC H. Badoux","22.50","Schweiz, 2023","70cl","3.21/10cl"
"1734709749-122","https://www.coop.ch/de/weine/alle-weine/c/m_2508pn=16","Champagne AOC Charles Bertin, brut","19.50","Frankreich","75cl","2.60/10cl"
"1734709749-123","https://www.coop.ch/de/weine/alle-weine/c/m_2508pn=16","Prosecco DOC Vigne dei Dogi, extra dry","6.95","Italien","75cl","0.93/10cl"
"1734709749-124","https://www.coop.ch/de/weine/alle-weine/c/m_2508pn=16","Zürich AOC Federweisser Stauffacher","9.95","Schweiz, 2023","75cl","1.33/10cl"
"1734709749-125","https://www.coop.ch/de/weine/alle-weine/c/m_2508pn=16","Blu Secco Dose Vino Frizzante 6x20cl","8.70","Italien","120cl","0.73/10cl"
"1734709749-126","https://www.coop.ch/de/weine/alle-weine/c/m_2508pn=16","Toscana IGT Rosso Villa Antinori","12.95","Italien, 2022","75cl","1.73/10cl"
"1734709749-127","https://www.coop.ch/de/weine/alle-weine/c/m_2508pn=16","Terre Siciliane IGT Nero d'Avola Bromeus","13.95","Italien, 2022","75cl","1.86/10cl"
"1734709749-128","https://www.coop.ch/de/weine/alle-weine/c/m_2508pn=16","La Côte AOC Grand Cru Perroy Cuvée 48 Cave de Jolimont 6x  70cl","41.70","Schweiz, 2023","6x 70cl","0.99/10cl"
"1734709749-129","https://www.coop.ch/de/weine/alle-weine/c/m_2508pn=16","Lavaux AOC St-Saphorin La Donjannaz Les Terrasses de Lavaux","14.95","Schweiz, 2023","70cl","2.14/10cl"
"1734709749-130","https://www.coop.ch/de/weine/alle-weine/c/m_2508pn=16","Alsace AOP Gewürztraminer Baron de Hoen Beblenheim","7.35","Frankreich, 2022","75cl","0.98/10cl"
"1734709749-131","https://www.coop.ch/de/weine/alle-weine/c/m_2508pn=16","Valais AOC Dôle Blanche Les Bernadettes","9.30","Schweiz, 2023","75cl","1.24/10cl"
"1734709749-132","https://www.coop.ch/de/weine/alle-weine/c/m_2508pn=16","Douro DOC Fabelhaft Niepoort","11.25","Portugal, 2021","75cl","1.50/10cl"
"1734709749-133","https://www.coop.ch/de/weine/alle-weine/c/m_2508pn=16","Glühwein Heisser Hirsch Rot","4.50","Deutschland","75cl","0.60/10cl"
"1734709749-134","https://www.coop.ch/de/weine/alle-weine/c/m_2508pn=16","Toscana IGT Bianco Villa Antinori","12.50","Italien, 2023","75cl","1.67/10cl"
"1734709749-135","https://www.coop.ch/de/weine/alle-weine/c/m_2508pn=16","Naturaplan Bio-Crémant d'Alsace AOC Wolfberger, brut","10.95","Frankreich","75cl","1.46/10cl"
"1734709749-136","https://www.coop.ch/de/weine/alle-weine/c/m_2508pn=16","Médoc AOC Château Laffitte Laujac","8.95","Frankreich, 2021","75cl","1.19/10cl"
"1734709749-137","https://www.coop.ch/de/weine/alle-weine/c/m_2508pn=16","Valdo Prosecco di Valdobbiadene DOCG","9.95","Italien","75cl","1.33/10cl"
"1734709749-138","https://www.coop.ch/de/weine/alle-weine/c/m_2508pn=16","Rimuss Champion Moscato, alkoholfrei","4.95","Rimuss","75cl","0.66/10cl"
"1734709749-139","https://www.coop.ch/de/weine/alle-weine/c/m_2508pn=16","Freixenet Carta Medium Dry semi seco","6.95","Spanien","75cl","0.93/10cl"
"1734709749-140","https://www.coop.ch/de/weine/alle-weine/c/m_2508pn=16","Champagne AOC Impérial Moët & Chandon, brut","38.50","Frankreich","75cl","5.13/10cl"
"1734709749-141","https://www.coop.ch/de/weine/alle-weine/c/m_2508pn=16","Bourgogne AOC Chardonnay Louis Jadot","18.95","Frankreich, 2022","75cl","2.53/10cl"
"1734709749-142","https://www.coop.ch/de/weine/alle-weine/c/m_2508pn=16","Valais AOC Rosé Oeil de Perdrix Le Rosel 6x  75cl","42.60","Schweiz, 2023","6x 75cl","0.95/10cl"
"1734709749-143","https://www.coop.ch/de/weine/alle-weine/c/m_2508pn=16","Legaris Crianza Ribera del Duero DO","25.50","Spanien, 2021","75cl","3.40/10cl"
"1734709749-144","https://www.coop.ch/de/weine/alle-weine/c/m_2508pn=16","Ripasso della Valpolicella DOC Superiore Vigne Alte Zeni","9.85","Italien, 2022","75cl","1.31/10cl"
"1734709749-145","https://www.coop.ch/de/weine/alle-weine/c/m_2508pn=16","Vino Nobile di Montepulciano DOCG Tenuta Trerose","16.95","Italien, 2020","75cl","2.26/10cl"
"1734709754-146","https://www.coop.ch/de/weine/alle-weine/c/m_2508pn=15","Naturaplan Bio-Prosecco DOC Raphael Dal Bo, extra dry","11.95","Italien","75cl","1.59/10cl"
"1734709754-147","https://www.coop.ch/de/weine/alle-weine/c/m_2508pn=15","Rimuss Party Traubensaft weiss, alkoholfrei","4.20","Rimuss","70cl","0.60/10cl"
"1734709754-148","https://www.coop.ch/de/weine/alle-weine/c/m_2508pn=15","Zürich AOC Staatsschreiber Cuvée Blanc Prestige","12.70","Schweiz, 2023","75cl","1.69/10cl"
"1734709754-149","https://www.coop.ch/de/weine/alle-weine/c/m_2508pn=15","Prosecco Superiore di Valdobbiadene Conegliano DOCG Carpené Malvolti, extra dry","10.95","Italien","75cl","1.46/10cl"
"1734709754-150","https://www.coop.ch/de/weine/alle-weine/c/m_2508pn=15","Aigle Les Murailles Chablais AOC H. Badoux","22.50","Schweiz, 2023","70cl","3.21/10cl"
"1734709754-151","https://www.coop.ch/de/weine/alle-weine/c/m_2508pn=15","Champagne AOC Charles Bertin, brut","19.50","Frankreich","75cl","2.60/10cl"
"1734709754-152","https://www.coop.ch/de/weine/alle-weine/c/m_2508pn=15","Prosecco DOC Vigne dei Dogi, extra dry","6.95","Italien","75cl","0.93/10cl"
"1734709754-153","https://www.coop.ch/de/weine/alle-weine/c/m_2508pn=15","Zürich AOC Federweisser Stauffacher","9.95","Schweiz, 2023","75cl","1.33/10cl"
"1734709754-154","https://www.coop.ch/de/weine/alle-weine/c/m_2508pn=15","Blu Secco Dose Vino Frizzante 6x20cl","8.70","Italien","120cl","0.73/10cl"
"1734709754-155","https://www.coop.ch/de/weine/alle-weine/c/m_2508pn=15","Toscana IGT Rosso Villa Antinori","12.95","Italien, 2022","75cl","1.73/10cl"
"1734709754-156","https://www.coop.ch/de/weine/alle-weine/c/m_2508pn=15","Terre Siciliane IGT Nero d'Avola Bromeus","13.95","Italien, 2022","75cl","1.86/10cl"
"1734709754-157","https://www.coop.ch/de/weine/alle-weine/c/m_2508pn=15","La Côte AOC Grand Cru Perroy Cuvée 48 Cave de Jolimont 6x  70cl","41.70","Schweiz, 2023","6x 70cl","0.99/10cl"
"1734709754-158","https://www.coop.ch/de/weine/alle-weine/c/m_2508pn=15","Lavaux AOC St-Saphorin La Donjannaz Les Terrasses de Lavaux","14.95","Schweiz, 2023","70cl","2.14/10cl"
"1734709754-159","https://www.coop.ch/de/weine/alle-weine/c/m_2508pn=15","Alsace AOP Gewürztraminer Baron de Hoen Beblenheim","7.35","Frankreich, 2022","75cl","0.98/10cl"
"1734709754-160","https://www.coop.ch/de/weine/alle-weine/c/m_2508pn=15","Valais AOC Dôle Blanche Les Bernadettes","9.30","Schweiz, 2023","75cl","1.24/10cl"
"1734709754-161","https://www.coop.ch/de/weine/alle-weine/c/m_2508pn=15","Douro DOC Fabelhaft Niepoort","11.25","Portugal, 2021","75cl","1.50/10cl"
"1734709754-162","https://www.coop.ch/de/weine/alle-weine/c/m_2508pn=15","Glühwein Heisser Hirsch Rot","4.50","Deutschland","75cl","0.60/10cl"
"1734709754-163","https://www.coop.ch/de/weine/alle-weine/c/m_2508pn=15","Toscana IGT Bianco Villa Antinori","12.50","Italien, 2023","75cl","1.67/10cl"
"1734709754-164","https://www.coop.ch/de/weine/alle-weine/c/m_2508pn=15","Naturaplan Bio-Crémant d'Alsace AOC Wolfberger, brut","10.95","Frankreich","75cl","1.46/10cl"
"1734709754-165","https://www.coop.ch/de/weine/alle-weine/c/m_2508pn=15","Médoc AOC Château Laffitte Laujac","8.95","Frankreich, 2021","75cl","1.19/10cl"
"1734709754-166","https://www.coop.ch/de/weine/alle-weine/c/m_2508pn=15","Valdo Prosecco di Valdobbiadene DOCG","9.95","Italien","75cl","1.33/10cl"
"1734709754-167","https://www.coop.ch/de/weine/alle-weine/c/m_2508pn=15","Rimuss Champion Moscato, alkoholfrei","4.95","Rimuss","75cl","0.66/10cl"
"1734709754-168","https://www.coop.ch/de/weine/alle-weine/c/m_2508pn=15","Freixenet Carta Medium Dry semi seco","6.95","Spanien","75cl","0.93/10cl"
"1734709754-169","https://www.coop.ch/de/weine/alle-weine/c/m_2508pn=15","Champagne AOC Impérial Moët & Chandon, brut","38.50","Frankreich","75cl","5.13/10cl"
"1734709754-170","https://www.coop.ch/de/weine/alle-weine/c/m_2508pn=15","Bourgogne AOC Chardonnay Louis Jadot","18.95","Frankreich, 2022","75cl","2.53/10cl"
"1734709754-171","https://www.coop.ch/de/weine/alle-weine/c/m_2508pn=15","Valais AOC Rosé Oeil de Perdrix Le Rosel 6x  75cl","42.60","Schweiz, 2023","6x 75cl","0.95/10cl"
"1734709754-172","https://www.coop.ch/de/weine/alle-weine/c/m_2508pn=15","Legaris Crianza Ribera del Duero DO","25.50","Spanien, 2021","75cl","3.40/10cl"
"1734709754-173","https://www.coop.ch/de/weine/alle-weine/c/m_2508pn=15","Ripasso della Valpolicella DOC Superiore Vigne Alte Zeni","9.85","Italien, 2022","75cl","1.31/10cl"
"1734709754-174","https://www.coop.ch/de/weine/alle-weine/c/m_2508pn=15","Vino Nobile di Montepulciano DOCG Tenuta Trerose","16.95","Italien, 2020","75cl","2.26/10cl"
"1734709759-175","https://www.coop.ch/de/weine/alle-weine/c/m_2508pn=14","Naturaplan Bio-Prosecco DOC Raphael Dal Bo, extra dry","11.95","Italien","75cl","1.59/10cl"
"1734709759-176","https://www.coop.ch/de/weine/alle-weine/c/m_2508pn=14","Rimuss Party Traubensaft weiss, alkoholfrei","4.20","Rimuss","70cl","0.60/10cl"
"1734709759-177","https://www.coop.ch/de/weine/alle-weine/c/m_2508pn=14","Zürich AOC Staatsschreiber Cuvée Blanc Prestige","12.70","Schweiz, 2023","75cl","1.69/10cl"
"1734709759-178","https://www.coop.ch/de/weine/alle-weine/c/m_2508pn=14","Prosecco Superiore di Valdobbiadene Conegliano DOCG Carpené Malvolti, extra dry","10.95","Italien","75cl","1.46/10cl"
"1734709759-179","https://www.coop.ch/de/weine/alle-weine/c/m_2508pn=14","Aigle Les Murailles Chablais AOC H. Badoux","22.50","Schweiz, 2023","70cl","3.21/10cl"
"1734709759-180","https://www.coop.ch/de/weine/alle-weine/c/m_2508pn=14","Champagne AOC Charles Bertin, brut","19.50","Frankreich","75cl","2.60/10cl"
"1734709759-181","https://www.coop.ch/de/weine/alle-weine/c/m_2508pn=14","Prosecco DOC Vigne dei Dogi, extra dry","6.95","Italien","75cl","0.93/10cl"
"1734709759-182","https://www.coop.ch/de/weine/alle-weine/c/m_2508pn=14","Zürich AOC Federweisser Stauffacher","9.95","Schweiz, 2023","75cl","1.33/10cl"
"1734709759-183","https://www.coop.ch/de/weine/alle-weine/c/m_2508pn=14","Blu Secco Dose Vino Frizzante 6x20cl","8.70","Italien","120cl","0.73/10cl"
"1734709759-184","https://www.coop.ch/de/weine/alle-weine/c/m_2508pn=14","Toscana IGT Rosso Villa Antinori","12.95","Italien, 2022","75cl","1.73/10cl"
"1734709759-185","https://www.coop.ch/de/weine/alle-weine/c/m_2508pn=14","Terre Siciliane IGT Nero d'Avola Bromeus","13.95","Italien, 2022","75cl","1.86/10cl"
"1734709759-186","https://www.coop.ch/de/weine/alle-weine/c/m_2508pn=14","La Côte AOC Grand Cru Perroy Cuvée 48 Cave de Jolimont 6x  70cl","41.70","Schweiz, 2023","6x 70cl","0.99/10cl"
"1734709759-187","https://www.coop.ch/de/weine/alle-weine/c/m_2508pn=14","Lavaux AOC St-Saphorin La Donjannaz Les Terrasses de Lavaux","14.95","Schweiz, 2023","70cl","2.14/10cl"
"1734709759-188","https://www.coop.ch/de/weine/alle-weine/c/m_2508pn=14","Alsace AOP Gewürztraminer Baron de Hoen Beblenheim","7.35","Frankreich, 2022","75cl","0.98/10cl"
"1734709759-189","https://www.coop.ch/de/weine/alle-weine/c/m_2508pn=14","Valais AOC Dôle Blanche Les Bernadettes","9.30","Schweiz, 2023","75cl","1.24/10cl"
"1734709759-190","https://www.coop.ch/de/weine/alle-weine/c/m_2508pn=14","Douro DOC Fabelhaft Niepoort","11.25","Portugal, 2021","75cl","1.50/10cl"
"1734709759-191","https://www.coop.ch/de/weine/alle-weine/c/m_2508pn=14","Glühwein Heisser Hirsch Rot","4.50","Deutschland","75cl","0.60/10cl"
"1734709759-192","https://www.coop.ch/de/weine/alle-weine/c/m_2508pn=14","Toscana IGT Bianco Villa Antinori","12.50","Italien, 2023","75cl","1.67/10cl"
"1734709759-193","https://www.coop.ch/de/weine/alle-weine/c/m_2508pn=14","Naturaplan Bio-Crémant d'Alsace AOC Wolfberger, brut","10.95","Frankreich","75cl","1.46/10cl"
"1734709759-194","https://www.coop.ch/de/weine/alle-weine/c/m_2508pn=14","Médoc AOC Château Laffitte Laujac","8.95","Frankreich, 2021","75cl","1.19/10cl"
"1734709759-195","https://www.coop.ch/de/weine/alle-weine/c/m_2508pn=14","Valdo Prosecco di Valdobbiadene DOCG","9.95","Italien","75cl","1.33/10cl"
"1734709759-196","https://www.coop.ch/de/weine/alle-weine/c/m_2508pn=14","Rimuss Champion Moscato, alkoholfrei","4.95","Rimuss","75cl","0.66/10cl"
"1734709759-197","https://www.coop.ch/de/weine/alle-weine/c/m_2508pn=14","Freixenet Carta Medium Dry semi seco","6.95","Spanien","75cl","0.93/10cl"
"1734709759-198","https://www.coop.ch/de/weine/alle-weine/c/m_2508pn=14","Champagne AOC Impérial Moët & Chandon, brut","38.50","Frankreich","75cl","5.13/10cl"
"1734709759-199","https://www.coop.ch/de/weine/alle-weine/c/m_2508pn=14","Bourgogne AOC Chardonnay Louis Jadot","18.95","Frankreich, 2022","75cl","2.53/10cl"
"1734709759-200","https://www.coop.ch/de/weine/alle-weine/c/m_2508pn=14","Valais AOC Rosé Oeil de Perdrix Le Rosel 6x  75cl","42.60","Schweiz, 2023","6x 75cl","0.95/10cl"
"1734709759-201","https://www.coop.ch/de/weine/alle-weine/c/m_2508pn=14","Legaris Crianza Ribera del Duero DO","25.50","Spanien, 2021","75cl","3.40/10cl"
"1734709759-202","https://www.coop.ch/de/weine/alle-weine/c/m_2508pn=14","Ripasso della Valpolicella DOC Superiore Vigne Alte Zeni","9.85","Italien, 2022","75cl","1.31/10cl"
"1734709759-203","https://www.coop.ch/de/weine/alle-weine/c/m_2508pn=14","Vino Nobile di Montepulciano DOCG Tenuta Trerose","16.95","Italien, 2020","75cl","2.26/10cl"
"1734709763-204","https://www.coop.ch/de/weine/alle-weine/c/m_2508pn=13","Naturaplan Bio-Prosecco DOC Raphael Dal Bo, extra dry","11.95","Italien","75cl","1.59/10cl"
"1734709763-205","https://www.coop.ch/de/weine/alle-weine/c/m_2508pn=13","Rimuss Party Traubensaft weiss, alkoholfrei","4.20","Rimuss","70cl","0.60/10cl"
"1734709763-206","https://www.coop.ch/de/weine/alle-weine/c/m_2508pn=13","Zürich AOC Staatsschreiber Cuvée Blanc Prestige","12.70","Schweiz, 2023","75cl","1.69/10cl"
"1734709763-207","https://www.coop.ch/de/weine/alle-weine/c/m_2508pn=13","Prosecco Superiore di Valdobbiadene Conegliano DOCG Carpené Malvolti, extra dry","10.95","Italien","75cl","1.46/10cl"
"1734709763-208","https://www.coop.ch/de/weine/alle-weine/c/m_2508pn=13","Aigle Les Murailles Chablais AOC H. Badoux","22.50","Schweiz, 2023","70cl","3.21/10cl"
"1734709763-209","https://www.coop.ch/de/weine/alle-weine/c/m_2508pn=13","Champagne AOC Charles Bertin, brut","19.50","Frankreich","75cl","2.60/10cl"
"1734709763-210","https://www.coop.ch/de/weine/alle-weine/c/m_2508pn=13","Prosecco DOC Vigne dei Dogi, extra dry","6.95","Italien","75cl","0.93/10cl"
"1734709763-211","https://www.coop.ch/de/weine/alle-weine/c/m_2508pn=13","Zürich AOC Federweisser Stauffacher","9.95","Schweiz, 2023","75cl","1.33/10cl"
"1734709763-212","https://www.coop.ch/de/weine/alle-weine/c/m_2508pn=13","Blu Secco Dose Vino Frizzante 6x20cl","8.70","Italien","120cl","0.73/10cl"
"1734709763-213","https://www.coop.ch/de/weine/alle-weine/c/m_2508pn=13","Toscana IGT Rosso Villa Antinori","12.95","Italien, 2022","75cl","1.73/10cl"
"1734709763-214","https://www.coop.ch/de/weine/alle-weine/c/m_2508pn=13","Terre Siciliane IGT Nero d'Avola Bromeus","13.95","Italien, 2022","75cl","1.86/10cl"
"1734709763-215","https://www.coop.ch/de/weine/alle-weine/c/m_2508pn=13","La Côte AOC Grand Cru Perroy Cuvée 48 Cave de Jolimont 6x  70cl","41.70","Schweiz, 2023","6x 70cl","0.99/10cl"
"1734709763-216","https://www.coop.ch/de/weine/alle-weine/c/m_2508pn=13","Lavaux AOC St-Saphorin La Donjannaz Les Terrasses de Lavaux","14.95","Schweiz, 2023","70cl","2.14/10cl"
"1734709763-217","https://www.coop.ch/de/weine/alle-weine/c/m_2508pn=13","Alsace AOP Gewürztraminer Baron de Hoen Beblenheim","7.35","Frankreich, 2022","75cl","0.98/10cl"
"1734709763-218","https://www.coop.ch/de/weine/alle-weine/c/m_2508pn=13","Valais AOC Dôle Blanche Les Bernadettes","9.30","Schweiz, 2023","75cl","1.24/10cl"
"1734709763-219","https://www.coop.ch/de/weine/alle-weine/c/m_2508pn=13","Douro DOC Fabelhaft Niepoort","11.25","Portugal, 2021","75cl","1.50/10cl"
"1734709763-220","https://www.coop.ch/de/weine/alle-weine/c/m_2508pn=13","Glühwein Heisser Hirsch Rot","4.50","Deutschland","75cl","0.60/10cl"
"1734709763-221","https://www.coop.ch/de/weine/alle-weine/c/m_2508pn=13","Toscana IGT Bianco Villa Antinori","12.50","Italien, 2023","75cl","1.67/10cl"
"1734709763-222","https://www.coop.ch/de/weine/alle-weine/c/m_2508pn=13","Naturaplan Bio-Crémant d'Alsace AOC Wolfberger, brut","10.95","Frankreich","75cl","1.46/10cl"
"1734709763-223","https://www.coop.ch/de/weine/alle-weine/c/m_2508pn=13","Médoc AOC Château Laffitte Laujac","8.95","Frankreich, 2021","75cl","1.19/10cl"
"1734709763-224","https://www.coop.ch/de/weine/alle-weine/c/m_2508pn=13","Valdo Prosecco di Valdobbiadene DOCG","9.95","Italien","75cl","1.33/10cl"
"1734709763-225","https://www.coop.ch/de/weine/alle-weine/c/m_2508pn=13","Rimuss Champion Moscato, alkoholfrei","4.95","Rimuss","75cl","0.66/10cl"
"1734709763-226","https://www.coop.ch/de/weine/alle-weine/c/m_2508pn=13","Freixenet Carta Medium Dry semi seco","6.95","Spanien","75cl","0.93/10cl"
"1734709763-227","https://www.coop.ch/de/weine/alle-weine/c/m_2508pn=13","Champagne AOC Impérial Moët & Chandon, brut","38.50","Frankreich","75cl","5.13/10cl"
"1734709763-228","https://www.coop.ch/de/weine/alle-weine/c/m_2508pn=13","Bourgogne AOC Chardonnay Louis Jadot","18.95","Frankreich, 2022","75cl","2.53/10cl"
"1734709763-229","https://www.coop.ch/de/weine/alle-weine/c/m_2508pn=13","Valais AOC Rosé Oeil de Perdrix Le Rosel 6x  75cl","42.60","Schweiz, 2023","6x 75cl","0.95/10cl"
"1734709763-230","https://www.coop.ch/de/weine/alle-weine/c/m_2508pn=13","Legaris Crianza Ribera del Duero DO","25.50","Spanien, 2021","75cl","3.40/10cl"
"1734709763-231","https://www.coop.ch/de/weine/alle-weine/c/m_2508pn=13","Ripasso della Valpolicella DOC Superiore Vigne Alte Zeni","9.85","Italien, 2022","75cl","1.31/10cl"
"1734709763-232","https://www.coop.ch/de/weine/alle-weine/c/m_2508pn=13","Vino Nobile di Montepulciano DOCG Tenuta Trerose","16.95","Italien, 2020","75cl","2.26/10cl"
"1734709768-233","https://www.coop.ch/de/weine/alle-weine/c/m_2508pn=12","Naturaplan Bio-Prosecco DOC Raphael Dal Bo, extra dry","11.95","Italien","75cl","1.59/10cl"
"1734709768-234","https://www.coop.ch/de/weine/alle-weine/c/m_2508pn=12","Rimuss Party Traubensaft weiss, alkoholfrei","4.20","Rimuss","70cl","0.60/10cl"
"1734709768-235","https://www.coop.ch/de/weine/alle-weine/c/m_2508pn=12","Zürich AOC Staatsschreiber Cuvée Blanc Prestige","12.70","Schweiz, 2023","75cl","1.69/10cl"
"1734709768-236","https://www.coop.ch/de/weine/alle-weine/c/m_2508pn=12","Prosecco Superiore di Valdobbiadene Conegliano DOCG Carpené Malvolti, extra dry","10.95","Italien","75cl","1.46/10cl"
"1734709768-237","https://www.coop.ch/de/weine/alle-weine/c/m_2508pn=12","Aigle Les Murailles Chablais AOC H. Badoux","22.50","Schweiz, 2023","70cl","3.21/10cl"
"1734709768-238","https://www.coop.ch/de/weine/alle-weine/c/m_2508pn=12","Champagne AOC Charles Bertin, brut","19.50","Frankreich","75cl","2.60/10cl"
"1734709768-239","https://www.coop.ch/de/weine/alle-weine/c/m_2508pn=12","Prosecco DOC Vigne dei Dogi, extra dry","6.95","Italien","75cl","0.93/10cl"
"1734709768-240","https://www.coop.ch/de/weine/alle-weine/c/m_2508pn=12","Zürich AOC Federweisser Stauffacher","9.95","Schweiz, 2023","75cl","1.33/10cl"
"1734709768-241","https://www.coop.ch/de/weine/alle-weine/c/m_2508pn=12","Blu Secco Dose Vino Frizzante 6x20cl","8.70","Italien","120cl","0.73/10cl"
"1734709768-242","https://www.coop.ch/de/weine/alle-weine/c/m_2508pn=12","Toscana IGT Rosso Villa Antinori","12.95","Italien, 2022","75cl","1.73/10cl"
"1734709768-243","https://www.coop.ch/de/weine/alle-weine/c/m_2508pn=12","Terre Siciliane IGT Nero d'Avola Bromeus","13.95","Italien, 2022","75cl","1.86/10cl"
"1734709768-244","https://www.coop.ch/de/weine/alle-weine/c/m_2508pn=12","La Côte AOC Grand Cru Perroy Cuvée 48 Cave de Jolimont 6x  70cl","41.70","Schweiz, 2023","6x 70cl","0.99/10cl"
"1734709768-245","https://www.coop.ch/de/weine/alle-weine/c/m_2508pn=12","Lavaux AOC St-Saphorin La Donjannaz Les Terrasses de Lavaux","14.95","Schweiz, 2023","70cl","2.14/10cl"
"1734709768-246","https://www.coop.ch/de/weine/alle-weine/c/m_2508pn=12","Alsace AOP Gewürztraminer Baron de Hoen Beblenheim","7.35","Frankreich, 2022","75cl","0.98/10cl"
"1734709768-247","https://www.coop.ch/de/weine/alle-weine/c/m_2508pn=12","Valais AOC Dôle Blanche Les Bernadettes","9.30","Schweiz, 2023","75cl","1.24/10cl"
"1734709768-248","https://www.coop.ch/de/weine/alle-weine/c/m_2508pn=12","Douro DOC Fabelhaft Niepoort","11.25","Portugal, 2021","75cl","1.50/10cl"
"1734709768-249","https://www.coop.ch/de/weine/alle-weine/c/m_2508pn=12","Glühwein Heisser Hirsch Rot","4.50","Deutschland","75cl","0.60/10cl"
"1734709768-250","https://www.coop.ch/de/weine/alle-weine/c/m_2508pn=12","Toscana IGT Bianco Villa Antinori","12.50","Italien, 2023","75cl","1.67/10cl"
"1734709768-251","https://www.coop.ch/de/weine/alle-weine/c/m_2508pn=12","Naturaplan Bio-Crémant d'Alsace AOC Wolfberger, brut","10.95","Frankreich","75cl","1.46/10cl"
"1734709768-252","https://www.coop.ch/de/weine/alle-weine/c/m_2508pn=12","Médoc AOC Château Laffitte Laujac","8.95","Frankreich, 2021","75cl","1.19/10cl"
"1734709768-253","https://www.coop.ch/de/weine/alle-weine/c/m_2508pn=12","Valdo Prosecco di Valdobbiadene DOCG","9.95","Italien","75cl","1.33/10cl"
"1734709768-254","https://www.coop.ch/de/weine/alle-weine/c/m_2508pn=12","Rimuss Champion Moscato, alkoholfrei","4.95","Rimuss","75cl","0.66/10cl"
"1734709768-255","https://www.coop.ch/de/weine/alle-weine/c/m_2508pn=12","Freixenet Carta Medium Dry semi seco","6.95","Spanien","75cl","0.93/10cl"
"1734709768-256","https://www.coop.ch/de/weine/alle-weine/c/m_2508pn=12","Champagne AOC Impérial Moët & Chandon, brut","38.50","Frankreich","75cl","5.13/10cl"
"1734709768-257","https://www.coop.ch/de/weine/alle-weine/c/m_2508pn=12","Bourgogne AOC Chardonnay Louis Jadot","18.95","Frankreich, 2022","75cl","2.53/10cl"
"1734709768-258","https://www.coop.ch/de/weine/alle-weine/c/m_2508pn=12","Valais AOC Rosé Oeil de Perdrix Le Rosel 6x  75cl","42.60","Schweiz, 2023","6x 75cl","0.95/10cl"
"1734709768-259","https://www.coop.ch/de/weine/alle-weine/c/m_2508pn=12","Legaris Crianza Ribera del Duero DO","25.50","Spanien, 2021","75cl","3.40/10cl"
"1734709768-260","https://www.coop.ch/de/weine/alle-weine/c/m_2508pn=12","Ripasso della Valpolicella DOC Superiore Vigne Alte Zeni","9.85","Italien, 2022","75cl","1.31/10cl"
"1734709768-261","https://www.coop.ch/de/weine/alle-weine/c/m_2508pn=12","Vino Nobile di Montepulciano DOCG Tenuta Trerose","16.95","Italien, 2020","75cl","2.26/10cl"
"1734709772-262","https://www.coop.ch/de/weine/alle-weine/c/m_2508pn=11","Naturaplan Bio-Prosecco DOC Raphael Dal Bo, extra dry","11.95","Italien","75cl","1.59/10cl"
"1734709772-263","https://www.coop.ch/de/weine/alle-weine/c/m_2508pn=11","Rimuss Party Traubensaft weiss, alkoholfrei","4.20","Rimuss","70cl","0.60/10cl"
"1734709772-264","https://www.coop.ch/de/weine/alle-weine/c/m_2508pn=11","Zürich AOC Staatsschreiber Cuvée Blanc Prestige","12.70","Schweiz, 2023","75cl","1.69/10cl"
"1734709772-265","https://www.coop.ch/de/weine/alle-weine/c/m_2508pn=11","Prosecco Superiore di Valdobbiadene Conegliano DOCG Carpené Malvolti, extra dry","10.95","Italien","75cl","1.46/10cl"
"1734709772-266","https://www.coop.ch/de/weine/alle-weine/c/m_2508pn=11","Aigle Les Murailles Chablais AOC H. Badoux","22.50","Schweiz, 2023","70cl","3.21/10cl"
"1734709772-267","https://www.coop.ch/de/weine/alle-weine/c/m_2508pn=11","Champagne AOC Charles Bertin, brut","19.50","Frankreich","75cl","2.60/10cl"
"1734709772-268","https://www.coop.ch/de/weine/alle-weine/c/m_2508pn=11","Prosecco DOC Vigne dei Dogi, extra dry","6.95","Italien","75cl","0.93/10cl"
"1734709772-269","https://www.coop.ch/de/weine/alle-weine/c/m_2508pn=11","Zürich AOC Federweisser Stauffacher","9.95","Schweiz, 2023","75cl","1.33/10cl"
"1734709772-270","https://www.coop.ch/de/weine/alle-weine/c/m_2508pn=11","Blu Secco Dose Vino Frizzante 6x20cl","8.70","Italien","120cl","0.73/10cl"
"1734709772-271","https://www.coop.ch/de/weine/alle-weine/c/m_2508pn=11","Toscana IGT Rosso Villa Antinori","12.95","Italien, 2022","75cl","1.73/10cl"
"1734709772-272","https://www.coop.ch/de/weine/alle-weine/c/m_2508pn=11","Terre Siciliane IGT Nero d'Avola Bromeus","13.95","Italien, 2022","75cl","1.86/10cl"
"1734709772-273","https://www.coop.ch/de/weine/alle-weine/c/m_2508pn=11","La Côte AOC Grand Cru Perroy Cuvée 48 Cave de Jolimont 6x  70cl","41.70","Schweiz, 2023","6x 70cl","0.99/10cl"
"1734709772-274","https://www.coop.ch/de/weine/alle-weine/c/m_2508pn=11","Lavaux AOC St-Saphorin La Donjannaz Les Terrasses de Lavaux","14.95","Schweiz, 2023","70cl","2.14/10cl"
"1734709772-275","https://www.coop.ch/de/weine/alle-weine/c/m_2508pn=11","Alsace AOP Gewürztraminer Baron de Hoen Beblenheim","7.35","Frankreich, 2022","75cl","0.98/10cl"
"1734709772-276","https://www.coop.ch/de/weine/alle-weine/c/m_2508pn=11","Valais AOC Dôle Blanche Les Bernadettes","9.30","Schweiz, 2023","75cl","1.24/10cl"
"1734709772-277","https://www.coop.ch/de/weine/alle-weine/c/m_2508pn=11","Douro DOC Fabelhaft Niepoort","11.25","Portugal, 2021","75cl","1.50/10cl"
"1734709772-278","https://www.coop.ch/de/weine/alle-weine/c/m_2508pn=11","Glühwein Heisser Hirsch Rot","4.50","Deutschland","75cl","0.60/10cl"
"1734709772-279","https://www.coop.ch/de/weine/alle-weine/c/m_2508pn=11","Toscana IGT Bianco Villa Antinori","12.50","Italien, 2023","75cl","1.67/10cl"
"1734709772-280","https://www.coop.ch/de/weine/alle-weine/c/m_2508pn=11","Naturaplan Bio-Crémant d'Alsace AOC Wolfberger, brut","10.95","Frankreich","75cl","1.46/10cl"
"1734709772-281","https://www.coop.ch/de/weine/alle-weine/c/m_2508pn=11","Médoc AOC Château Laffitte Laujac","8.95","Frankreich, 2021","75cl","1.19/10cl"
"1734709772-282","https://www.coop.ch/de/weine/alle-weine/c/m_2508pn=11","Valdo Prosecco di Valdobbiadene DOCG","9.95","Italien","75cl","1.33/10cl"
"1734709772-283","https://www.coop.ch/de/weine/alle-weine/c/m_2508pn=11","Rimuss Champion Moscato, alkoholfrei","4.95","Rimuss","75cl","0.66/10cl"
"1734709772-284","https://www.coop.ch/de/weine/alle-weine/c/m_2508pn=11","Freixenet Carta Medium Dry semi seco","6.95","Spanien","75cl","0.93/10cl"
"1734709772-285","https://www.coop.ch/de/weine/alle-weine/c/m_2508pn=11","Champagne AOC Impérial Moët & Chandon, brut","38.50","Frankreich","75cl","5.13/10cl"
"1734709772-286","https://www.coop.ch/de/weine/alle-weine/c/m_2508pn=11","Bourgogne AOC Chardonnay Louis Jadot","18.95","Frankreich, 2022","75cl","2.53/10cl"
"1734709772-287","https://www.coop.ch/de/weine/alle-weine/c/m_2508pn=11","Valais AOC Rosé Oeil de Perdrix Le Rosel 6x  75cl","42.60","Schweiz, 2023","6x 75cl","0.95/10cl"
"1734709772-288","https://www.coop.ch/de/weine/alle-weine/c/m_2508pn=11","Legaris Crianza Ribera del Duero DO","25.50","Spanien, 2021","75cl","3.40/10cl"
"1734709772-289","https://www.coop.ch/de/weine/alle-weine/c/m_2508pn=11","Ripasso della Valpolicella DOC Superiore Vigne Alte Zeni","9.85","Italien, 2022","75cl","1.31/10cl"
"1734709772-290","https://www.coop.ch/de/weine/alle-weine/c/m_2508pn=11","Vino Nobile di Montepulciano DOCG Tenuta Trerose","16.95","Italien, 2020","75cl","2.26/10cl"
"1734709776-291","https://www.coop.ch/de/weine/alle-weine/c/m_2508pn=10","Naturaplan Bio-Prosecco DOC Raphael Dal Bo, extra dry","11.95","Italien","75cl","1.59/10cl"
"1734709776-292","https://www.coop.ch/de/weine/alle-weine/c/m_2508pn=10","Rimuss Party Traubensaft weiss, alkoholfrei","4.20","Rimuss","70cl","0.60/10cl"
"1734709776-293","https://www.coop.ch/de/weine/alle-weine/c/m_2508pn=10","Zürich AOC Staatsschreiber Cuvée Blanc Prestige","12.70","Schweiz, 2023","75cl","1.69/10cl"
"1734709776-294","https://www.coop.ch/de/weine/alle-weine/c/m_2508pn=10","Prosecco Superiore di Valdobbiadene Conegliano DOCG Carpené Malvolti, extra dry","10.95","Italien","75cl","1.46/10cl"
"1734709776-295","https://www.coop.ch/de/weine/alle-weine/c/m_2508pn=10","Aigle Les Murailles Chablais AOC H. Badoux","22.50","Schweiz, 2023","70cl","3.21/10cl"
"1734709776-296","https://www.coop.ch/de/weine/alle-weine/c/m_2508pn=10","Champagne AOC Charles Bertin, brut","19.50","Frankreich","75cl","2.60/10cl"
"1734709776-297","https://www.coop.ch/de/weine/alle-weine/c/m_2508pn=10","Prosecco DOC Vigne dei Dogi, extra dry","6.95","Italien","75cl","0.93/10cl"
"1734709776-298","https://www.coop.ch/de/weine/alle-weine/c/m_2508pn=10","Zürich AOC Federweisser Stauffacher","9.95","Schweiz, 2023","75cl","1.33/10cl"
"1734709776-299","https://www.coop.ch/de/weine/alle-weine/c/m_2508pn=10","Blu Secco Dose Vino Frizzante 6x20cl","8.70","Italien","120cl","0.73/10cl"
"1734709776-300","https://www.coop.ch/de/weine/alle-weine/c/m_2508pn=10","Toscana IGT Rosso Villa Antinori","12.95","Italien, 2022","75cl","1.73/10cl"
"1734709776-301","https://www.coop.ch/de/weine/alle-weine/c/m_2508pn=10","Terre Siciliane IGT Nero d'Avola Bromeus","13.95","Italien, 2022","75cl","1.86/10cl"
"1734709776-302","https://www.coop.ch/de/weine/alle-weine/c/m_2508pn=10","La Côte AOC Grand Cru Perroy Cuvée 48 Cave de Jolimont 6x  70cl","41.70","Schweiz, 2023","6x 70cl","0.99/10cl"
"1734709776-303","https://www.coop.ch/de/weine/alle-weine/c/m_2508pn=10","Lavaux AOC St-Saphorin La Donjannaz Les Terrasses de Lavaux","14.95","Schweiz, 2023","70cl","2.14/10cl"
"1734709776-304","https://www.coop.ch/de/weine/alle-weine/c/m_2508pn=10","Alsace AOP Gewürztraminer Baron de Hoen Beblenheim","7.35","Frankreich, 2022","75cl","0.98/10cl"
"1734709776-305","https://www.coop.ch/de/weine/alle-weine/c/m_2508pn=10","Valais AOC Dôle Blanche Les Bernadettes","9.30","Schweiz, 2023","75cl","1.24/10cl"
"1734709776-306","https://www.coop.ch/de/weine/alle-weine/c/m_2508pn=10","Douro DOC Fabelhaft Niepoort","11.25","Portugal, 2021","75cl","1.50/10cl"
"1734709776-307","https://www.coop.ch/de/weine/alle-weine/c/m_2508pn=10","Glühwein Heisser Hirsch Rot","4.50","Deutschland","75cl","0.60/10cl"
"1734709776-308","https://www.coop.ch/de/weine/alle-weine/c/m_2508pn=10","Toscana IGT Bianco Villa Antinori","12.50","Italien, 2023","75cl","1.67/10cl"
"1734709776-309","https://www.coop.ch/de/weine/alle-weine/c/m_2508pn=10","Naturaplan Bio-Crémant d'Alsace AOC Wolfberger, brut","10.95","Frankreich","75cl","1.46/10cl"
"1734709776-310","https://www.coop.ch/de/weine/alle-weine/c/m_2508pn=10","Médoc AOC Château Laffitte Laujac","8.95","Frankreich, 2021","75cl","1.19/10cl"
"1734709776-311","https://www.coop.ch/de/weine/alle-weine/c/m_2508pn=10","Valdo Prosecco di Valdobbiadene DOCG","9.95","Italien","75cl","1.33/10cl"
"1734709776-312","https://www.coop.ch/de/weine/alle-weine/c/m_2508pn=10","Rimuss Champion Moscato, alkoholfrei","4.95","Rimuss","75cl","0.66/10cl"
"1734709776-313","https://www.coop.ch/de/weine/alle-weine/c/m_2508pn=10","Freixenet Carta Medium Dry semi seco","6.95","Spanien","75cl","0.93/10cl"
"1734709776-314","https://www.coop.ch/de/weine/alle-weine/c/m_2508pn=10","Champagne AOC Impérial Moët & Chandon, brut","38.50","Frankreich","75cl","5.13/10cl"
"1734709776-315","https://www.coop.ch/de/weine/alle-weine/c/m_2508pn=10","Bourgogne AOC Chardonnay Louis Jadot","18.95","Frankreich, 2022","75cl","2.53/10cl"
"1734709776-316","https://www.coop.ch/de/weine/alle-weine/c/m_2508pn=10","Valais AOC Rosé Oeil de Perdrix Le Rosel 6x  75cl","42.60","Schweiz, 2023","6x 75cl","0.95/10cl"
"1734709776-317","https://www.coop.ch/de/weine/alle-weine/c/m_2508pn=10","Legaris Crianza Ribera del Duero DO","25.50","Spanien, 2021","75cl","3.40/10cl"
"1734709776-318","https://www.coop.ch/de/weine/alle-weine/c/m_2508pn=10","Ripasso della Valpolicella DOC Superiore Vigne Alte Zeni","9.85","Italien, 2022","75cl","1.31/10cl"
"1734709776-319","https://www.coop.ch/de/weine/alle-weine/c/m_2508pn=10","Vino Nobile di Montepulciano DOCG Tenuta Trerose","16.95","Italien, 2020","75cl","2.26/10cl"
"1734709781-320","https://www.coop.ch/de/weine/alle-weine/c/m_2508pn=9","Naturaplan Bio-Prosecco DOC Raphael Dal Bo, extra dry","11.95","Italien","75cl","1.59/10cl"
"1734709781-321","https://www.coop.ch/de/weine/alle-weine/c/m_2508pn=9","Rimuss Party Traubensaft weiss, alkoholfrei","4.20","Rimuss","70cl","0.60/10cl"
"1734709781-322","https://www.coop.ch/de/weine/alle-weine/c/m_2508pn=9","Zürich AOC Staatsschreiber Cuvée Blanc Prestige","12.70","Schweiz, 2023","75cl","1.69/10cl"
"1734709781-323","https://www.coop.ch/de/weine/alle-weine/c/m_2508pn=9","Prosecco Superiore di Valdobbiadene Conegliano DOCG Carpené Malvolti, extra dry","10.95","Italien","75cl","1.46/10cl"
"1734709781-324","https://www.coop.ch/de/weine/alle-weine/c/m_2508pn=9","Aigle Les Murailles Chablais AOC H. Badoux","22.50","Schweiz, 2023","70cl","3.21/10cl"
"1734709781-325","https://www.coop.ch/de/weine/alle-weine/c/m_2508pn=9","Champagne AOC Charles Bertin, brut","19.50","Frankreich","75cl","2.60/10cl"
"1734709781-326","https://www.coop.ch/de/weine/alle-weine/c/m_2508pn=9","Prosecco DOC Vigne dei Dogi, extra dry","6.95","Italien","75cl","0.93/10cl"
"1734709781-327","https://www.coop.ch/de/weine/alle-weine/c/m_2508pn=9","Zürich AOC Federweisser Stauffacher","9.95","Schweiz, 2023","75cl","1.33/10cl"
"1734709781-328","https://www.coop.ch/de/weine/alle-weine/c/m_2508pn=9","Blu Secco Dose Vino Frizzante 6x20cl","8.70","Italien","120cl","0.73/10cl"
"1734709781-329","https://www.coop.ch/de/weine/alle-weine/c/m_2508pn=9","Toscana IGT Rosso Villa Antinori","12.95","Italien, 2022","75cl","1.73/10cl"
"1734709781-330","https://www.coop.ch/de/weine/alle-weine/c/m_2508pn=9","Terre Siciliane IGT Nero d'Avola Bromeus","13.95","Italien, 2022","75cl","1.86/10cl"
"1734709781-331","https://www.coop.ch/de/weine/alle-weine/c/m_2508pn=9","La Côte AOC Grand Cru Perroy Cuvée 48 Cave de Jolimont 6x  70cl","41.70","Schweiz, 2023","6x 70cl","0.99/10cl"
"1734709781-332","https://www.coop.ch/de/weine/alle-weine/c/m_2508pn=9","Lavaux AOC St-Saphorin La Donjannaz Les Terrasses de Lavaux","14.95","Schweiz, 2023","70cl","2.14/10cl"
"1734709781-333","https://www.coop.ch/de/weine/alle-weine/c/m_2508pn=9","Alsace AOP Gewürztraminer Baron de Hoen Beblenheim","7.35","Frankreich, 2022","75cl","0.98/10cl"
"1734709781-334","https://www.coop.ch/de/weine/alle-weine/c/m_2508pn=9","Valais AOC Dôle Blanche Les Bernadettes","9.30","Schweiz, 2023","75cl","1.24/10cl"
"1734709781-335","https://www.coop.ch/de/weine/alle-weine/c/m_2508pn=9","Douro DOC Fabelhaft Niepoort","11.25","Portugal, 2021","75cl","1.50/10cl"
"1734709781-336","https://www.coop.ch/de/weine/alle-weine/c/m_2508pn=9","Glühwein Heisser Hirsch Rot","4.50","Deutschland","75cl","0.60/10cl"
"1734709781-337","https://www.coop.ch/de/weine/alle-weine/c/m_2508pn=9","Toscana IGT Bianco Villa Antinori","12.50","Italien, 2023","75cl","1.67/10cl"
"1734709781-338","https://www.coop.ch/de/weine/alle-weine/c/m_2508pn=9","Naturaplan Bio-Crémant d'Alsace AOC Wolfberger, brut","10.95","Frankreich","75cl","1.46/10cl"
"1734709781-339","https://www.coop.ch/de/weine/alle-weine/c/m_2508pn=9","Médoc AOC Château Laffitte Laujac","8.95","Frankreich, 2021","75cl","1.19/10cl"
"1734709781-340","https://www.coop.ch/de/weine/alle-weine/c/m_2508pn=9","Valdo Prosecco di Valdobbiadene DOCG","9.95","Italien","75cl","1.33/10cl"
"1734709781-341","https://www.coop.ch/de/weine/alle-weine/c/m_2508pn=9","Rimuss Champion Moscato, alkoholfrei","4.95","Rimuss","75cl","0.66/10cl"
"1734709781-342","https://www.coop.ch/de/weine/alle-weine/c/m_2508pn=9","Freixenet Carta Medium Dry semi seco","6.95","Spanien","75cl","0.93/10cl"
"1734709781-343","https://www.coop.ch/de/weine/alle-weine/c/m_2508pn=9","Champagne AOC Impérial Moët & Chandon, brut","38.50","Frankreich","75cl","5.13/10cl"
"1734709781-344","https://www.coop.ch/de/weine/alle-weine/c/m_2508pn=9","Bourgogne AOC Chardonnay Louis Jadot","18.95","Frankreich, 2022","75cl","2.53/10cl"
"1734709781-345","https://www.coop.ch/de/weine/alle-weine/c/m_2508pn=9","Valais AOC Rosé Oeil de Perdrix Le Rosel 6x  75cl","42.60","Schweiz, 2023","6x 75cl","0.95/10cl"
"1734709781-346","https://www.coop.ch/de/weine/alle-weine/c/m_2508pn=9","Legaris Crianza Ribera del Duero DO","25.50","Spanien, 2021","75cl","3.40/10cl"
"1734709781-347","https://www.coop.ch/de/weine/alle-weine/c/m_2508pn=9","Ripasso della Valpolicella DOC Superiore Vigne Alte Zeni","9.85","Italien, 2022","75cl","1.31/10cl"
"1734709781-348","https://www.coop.ch/de/weine/alle-weine/c/m_2508pn=9","Vino Nobile di Montepulciano DOCG Tenuta Trerose","16.95","Italien, 2020","75cl","2.26/10cl"
"1734709785-349","https://www.coop.ch/de/weine/alle-weine/c/m_2508pn=8","Naturaplan Bio-Prosecco DOC Raphael Dal Bo, extra dry","11.95","Italien","75cl","1.59/10cl"
"1734709785-350","https://www.coop.ch/de/weine/alle-weine/c/m_2508pn=8","Rimuss Party Traubensaft weiss, alkoholfrei","4.20","Rimuss","70cl","0.60/10cl"
"1734709785-351","https://www.coop.ch/de/weine/alle-weine/c/m_2508pn=8","Zürich AOC Staatsschreiber Cuvée Blanc Prestige","12.70","Schweiz, 2023","75cl","1.69/10cl"
"1734709785-352","https://www.coop.ch/de/weine/alle-weine/c/m_2508pn=8","Prosecco Superiore di Valdobbiadene Conegliano DOCG Carpené Malvolti, extra dry","10.95","Italien","75cl","1.46/10cl"
"1734709785-353","https://www.coop.ch/de/weine/alle-weine/c/m_2508pn=8","Aigle Les Murailles Chablais AOC H. Badoux","22.50","Schweiz, 2023","70cl","3.21/10cl"
"1734709785-354","https://www.coop.ch/de/weine/alle-weine/c/m_2508pn=8","Champagne AOC Charles Bertin, brut","19.50","Frankreich","75cl","2.60/10cl"
"1734709785-355","https://www.coop.ch/de/weine/alle-weine/c/m_2508pn=8","Prosecco DOC Vigne dei Dogi, extra dry","6.95","Italien","75cl","0.93/10cl"
"1734709785-356","https://www.coop.ch/de/weine/alle-weine/c/m_2508pn=8","Zürich AOC Federweisser Stauffacher","9.95","Schweiz, 2023","75cl","1.33/10cl"
"1734709785-357","https://www.coop.ch/de/weine/alle-weine/c/m_2508pn=8","Blu Secco Dose Vino Frizzante 6x20cl","8.70","Italien","120cl","0.73/10cl"
"1734709785-358","https://www.coop.ch/de/weine/alle-weine/c/m_2508pn=8","Toscana IGT Rosso Villa Antinori","12.95","Italien, 2022","75cl","1.73/10cl"
"1734709785-359","https://www.coop.ch/de/weine/alle-weine/c/m_2508pn=8","Terre Siciliane IGT Nero d'Avola Bromeus","13.95","Italien, 2022","75cl","1.86/10cl"
"1734709785-360","https://www.coop.ch/de/weine/alle-weine/c/m_2508pn=8","La Côte AOC Grand Cru Perroy Cuvée 48 Cave de Jolimont 6x  70cl","41.70","Schweiz, 2023","6x 70cl","0.99/10cl"
"1734709785-361","https://www.coop.ch/de/weine/alle-weine/c/m_2508pn=8","Lavaux AOC St-Saphorin La Donjannaz Les Terrasses de Lavaux","14.95","Schweiz, 2023","70cl","2.14/10cl"
"1734709785-362","https://www.coop.ch/de/weine/alle-weine/c/m_2508pn=8","Alsace AOP Gewürztraminer Baron de Hoen Beblenheim","7.35","Frankreich, 2022","75cl","0.98/10cl"
"1734709785-363","https://www.coop.ch/de/weine/alle-weine/c/m_2508pn=8","Valais AOC Dôle Blanche Les Bernadettes","9.30","Schweiz, 2023","75cl","1.24/10cl"
"1734709785-364","https://www.coop.ch/de/weine/alle-weine/c/m_2508pn=8","Douro DOC Fabelhaft Niepoort","11.25","Portugal, 2021","75cl","1.50/10cl"
"1734709785-365","https://www.coop.ch/de/weine/alle-weine/c/m_2508pn=8","Glühwein Heisser Hirsch Rot","4.50","Deutschland","75cl","0.60/10cl"
"1734709785-366","https://www.coop.ch/de/weine/alle-weine/c/m_2508pn=8","Toscana IGT Bianco Villa Antinori","12.50","Italien, 2023","75cl","1.67/10cl"
"1734709785-367","https://www.coop.ch/de/weine/alle-weine/c/m_2508pn=8","Naturaplan Bio-Crémant d'Alsace AOC Wolfberger, brut","10.95","Frankreich","75cl","1.46/10cl"
"1734709785-368","https://www.coop.ch/de/weine/alle-weine/c/m_2508pn=8","Médoc AOC Château Laffitte Laujac","8.95","Frankreich, 2021","75cl","1.19/10cl"
"1734709785-369","https://www.coop.ch/de/weine/alle-weine/c/m_2508pn=8","Valdo Prosecco di Valdobbiadene DOCG","9.95","Italien","75cl","1.33/10cl"
"1734709785-370","https://www.coop.ch/de/weine/alle-weine/c/m_2508pn=8","Rimuss Champion Moscato, alkoholfrei","4.95","Rimuss","75cl","0.66/10cl"
"1734709785-371","https://www.coop.ch/de/weine/alle-weine/c/m_2508pn=8","Freixenet Carta Medium Dry semi seco","6.95","Spanien","75cl","0.93/10cl"
"1734709785-372","https://www.coop.ch/de/weine/alle-weine/c/m_2508pn=8","Champagne AOC Impérial Moët & Chandon, brut","38.50","Frankreich","75cl","5.13/10cl"
"1734709785-373","https://www.coop.ch/de/weine/alle-weine/c/m_2508pn=8","Bourgogne AOC Chardonnay Louis Jadot","18.95","Frankreich, 2022","75cl","2.53/10cl"
"1734709785-374","https://www.coop.ch/de/weine/alle-weine/c/m_2508pn=8","Valais AOC Rosé Oeil de Perdrix Le Rosel 6x  75cl","42.60","Schweiz, 2023","6x 75cl","0.95/10cl"
"1734709785-375","https://www.coop.ch/de/weine/alle-weine/c/m_2508pn=8","Legaris Crianza Ribera del Duero DO","25.50","Spanien, 2021","75cl","3.40/10cl"
"1734709785-376","https://www.coop.ch/de/weine/alle-weine/c/m_2508pn=8","Ripasso della Valpolicella DOC Superiore Vigne Alte Zeni","9.85","Italien, 2022","75cl","1.31/10cl"
"1734709785-377","https://www.coop.ch/de/weine/alle-weine/c/m_2508pn=8","Vino Nobile di Montepulciano DOCG Tenuta Trerose","16.95","Italien, 2020","75cl","2.26/10cl"
"1734709789-378","https://www.coop.ch/de/weine/alle-weine/c/m_2508pn=7","Naturaplan Bio-Prosecco DOC Raphael Dal Bo, extra dry","11.95","Italien","75cl","1.59/10cl"
"1734709789-379","https://www.coop.ch/de/weine/alle-weine/c/m_2508pn=7","Rimuss Party Traubensaft weiss, alkoholfrei","4.20","Rimuss","70cl","0.60/10cl"
"1734709789-380","https://www.coop.ch/de/weine/alle-weine/c/m_2508pn=7","Zürich AOC Staatsschreiber Cuvée Blanc Prestige","12.70","Schweiz, 2023","75cl","1.69/10cl"
"1734709789-381","https://www.coop.ch/de/weine/alle-weine/c/m_2508pn=7","Prosecco Superiore di Valdobbiadene Conegliano DOCG Carpené Malvolti, extra dry","10.95","Italien","75cl","1.46/10cl"
"1734709789-382","https://www.coop.ch/de/weine/alle-weine/c/m_2508pn=7","Aigle Les Murailles Chablais AOC H. Badoux","22.50","Schweiz, 2023","70cl","3.21/10cl"
"1734709789-383","https://www.coop.ch/de/weine/alle-weine/c/m_2508pn=7","Champagne AOC Charles Bertin, brut","19.50","Frankreich","75cl","2.60/10cl"
"1734709789-384","https://www.coop.ch/de/weine/alle-weine/c/m_2508pn=7","Prosecco DOC Vigne dei Dogi, extra dry","6.95","Italien","75cl","0.93/10cl"
"1734709789-385","https://www.coop.ch/de/weine/alle-weine/c/m_2508pn=7","Zürich AOC Federweisser Stauffacher","9.95","Schweiz, 2023","75cl","1.33/10cl"
"1734709789-386","https://www.coop.ch/de/weine/alle-weine/c/m_2508pn=7","Blu Secco Dose Vino Frizzante 6x20cl","8.70","Italien","120cl","0.73/10cl"
"1734709789-387","https://www.coop.ch/de/weine/alle-weine/c/m_2508pn=7","Toscana IGT Rosso Villa Antinori","12.95","Italien, 2022","75cl","1.73/10cl"
"1734709789-388","https://www.coop.ch/de/weine/alle-weine/c/m_2508pn=7","Terre Siciliane IGT Nero d'Avola Bromeus","13.95","Italien, 2022","75cl","1.86/10cl"
"1734709789-389","https://www.coop.ch/de/weine/alle-weine/c/m_2508pn=7","La Côte AOC Grand Cru Perroy Cuvée 48 Cave de Jolimont 6x  70cl","41.70","Schweiz, 2023","6x 70cl","0.99/10cl"
"1734709789-390","https://www.coop.ch/de/weine/alle-weine/c/m_2508pn=7","Lavaux AOC St-Saphorin La Donjannaz Les Terrasses de Lavaux","14.95","Schweiz, 2023","70cl","2.14/10cl"
"1734709789-391","https://www.coop.ch/de/weine/alle-weine/c/m_2508pn=7","Alsace AOP Gewürztraminer Baron de Hoen Beblenheim","7.35","Frankreich, 2022","75cl","0.98/10cl"
"1734709789-392","https://www.coop.ch/de/weine/alle-weine/c/m_2508pn=7","Valais AOC Dôle Blanche Les Bernadettes","9.30","Schweiz, 2023","75cl","1.24/10cl"
"1734709789-393","https://www.coop.ch/de/weine/alle-weine/c/m_2508pn=7","Douro DOC Fabelhaft Niepoort","11.25","Portugal, 2021","75cl","1.50/10cl"
"1734709789-394","https://www.coop.ch/de/weine/alle-weine/c/m_2508pn=7","Glühwein Heisser Hirsch Rot","4.50","Deutschland","75cl","0.60/10cl"
"1734709789-395","https://www.coop.ch/de/weine/alle-weine/c/m_2508pn=7","Toscana IGT Bianco Villa Antinori","12.50","Italien, 2023","75cl","1.67/10cl"
"1734709789-396","https://www.coop.ch/de/weine/alle-weine/c/m_2508pn=7","Naturaplan Bio-Crémant d'Alsace AOC Wolfberger, brut","10.95","Frankreich","75cl","1.46/10cl"
"1734709789-397","https://www.coop.ch/de/weine/alle-weine/c/m_2508pn=7","Médoc AOC Château Laffitte Laujac","8.95","Frankreich, 2021","75cl","1.19/10cl"
"1734709789-398","https://www.coop.ch/de/weine/alle-weine/c/m_2508pn=7","Valdo Prosecco di Valdobbiadene DOCG","9.95","Italien","75cl","1.33/10cl"
"1734709789-399","https://www.coop.ch/de/weine/alle-weine/c/m_2508pn=7","Rimuss Champion Moscato, alkoholfrei","4.95","Rimuss","75cl","0.66/10cl"
"1734709789-400","https://www.coop.ch/de/weine/alle-weine/c/m_2508pn=7","Freixenet Carta Medium Dry semi seco","6.95","Spanien","75cl","0.93/10cl"
"1734709789-401","https://www.coop.ch/de/weine/alle-weine/c/m_2508pn=7","Champagne AOC Impérial Moët & Chandon, brut","38.50","Frankreich","75cl","5.13/10cl"
"1734709789-402","https://www.coop.ch/de/weine/alle-weine/c/m_2508pn=7","Bourgogne AOC Chardonnay Louis Jadot","18.95","Frankreich, 2022","75cl","2.53/10cl"
"1734709789-403","https://www.coop.ch/de/weine/alle-weine/c/m_2508pn=7","Valais AOC Rosé Oeil de Perdrix Le Rosel 6x  75cl","42.60","Schweiz, 2023","6x 75cl","0.95/10cl"
"1734709789-404","https://www.coop.ch/de/weine/alle-weine/c/m_2508pn=7","Legaris Crianza Ribera del Duero DO","25.50","Spanien, 2021","75cl","3.40/10cl"
"1734709789-405","https://www.coop.ch/de/weine/alle-weine/c/m_2508pn=7","Ripasso della Valpolicella DOC Superiore Vigne Alte Zeni","9.85","Italien, 2022","75cl","1.31/10cl"
"1734709789-406","https://www.coop.ch/de/weine/alle-weine/c/m_2508pn=7","Vino Nobile di Montepulciano DOCG Tenuta Trerose","16.95","Italien, 2020","75cl","2.26/10cl"
"1734709793-407","https://www.coop.ch/de/weine/alle-weine/c/m_2508pn=6","Naturaplan Bio-Prosecco DOC Raphael Dal Bo, extra dry","11.95","Italien","75cl","1.59/10cl"
"1734709793-408","https://www.coop.ch/de/weine/alle-weine/c/m_2508pn=6","Rimuss Party Traubensaft weiss, alkoholfrei","4.20","Rimuss","70cl","0.60/10cl"
"1734709793-409","https://www.coop.ch/de/weine/alle-weine/c/m_2508pn=6","Zürich AOC Staatsschreiber Cuvée Blanc Prestige","12.70","Schweiz, 2023","75cl","1.69/10cl"
"1734709793-410","https://www.coop.ch/de/weine/alle-weine/c/m_2508pn=6","Prosecco Superiore di Valdobbiadene Conegliano DOCG Carpené Malvolti, extra dry","10.95","Italien","75cl","1.46/10cl"
"1734709793-411","https://www.coop.ch/de/weine/alle-weine/c/m_2508pn=6","Aigle Les Murailles Chablais AOC H. Badoux","22.50","Schweiz, 2023","70cl","3.21/10cl"
"1734709793-412","https://www.coop.ch/de/weine/alle-weine/c/m_2508pn=6","Champagne AOC Charles Bertin, brut","19.50","Frankreich","75cl","2.60/10cl"
"1734709793-413","https://www.coop.ch/de/weine/alle-weine/c/m_2508pn=6","Prosecco DOC Vigne dei Dogi, extra dry","6.95","Italien","75cl","0.93/10cl"
"1734709793-414","https://www.coop.ch/de/weine/alle-weine/c/m_2508pn=6","Zürich AOC Federweisser Stauffacher","9.95","Schweiz, 2023","75cl","1.33/10cl"
"1734709793-415","https://www.coop.ch/de/weine/alle-weine/c/m_2508pn=6","Blu Secco Dose Vino Frizzante 6x20cl","8.70","Italien","120cl","0.73/10cl"
"1734709793-416","https://www.coop.ch/de/weine/alle-weine/c/m_2508pn=6","Toscana IGT Rosso Villa Antinori","12.95","Italien, 2022","75cl","1.73/10cl"
"1734709793-417","https://www.coop.ch/de/weine/alle-weine/c/m_2508pn=6","Terre Siciliane IGT Nero d'Avola Bromeus","13.95","Italien, 2022","75cl","1.86/10cl"
"1734709793-418","https://www.coop.ch/de/weine/alle-weine/c/m_2508pn=6","La Côte AOC Grand Cru Perroy Cuvée 48 Cave de Jolimont 6x  70cl","41.70","Schweiz, 2023","6x 70cl","0.99/10cl"
"1734709793-419","https://www.coop.ch/de/weine/alle-weine/c/m_2508pn=6","Lavaux AOC St-Saphorin La Donjannaz Les Terrasses de Lavaux","14.95","Schweiz, 2023","70cl","2.14/10cl"
"1734709793-420","https://www.coop.ch/de/weine/alle-weine/c/m_2508pn=6","Alsace AOP Gewürztraminer Baron de Hoen Beblenheim","7.35","Frankreich, 2022","75cl","0.98/10cl"
"1734709793-421","https://www.coop.ch/de/weine/alle-weine/c/m_2508pn=6","Valais AOC Dôle Blanche Les Bernadettes","9.30","Schweiz, 2023","75cl","1.24/10cl"
"1734709793-422","https://www.coop.ch/de/weine/alle-weine/c/m_2508pn=6","Douro DOC Fabelhaft Niepoort","11.25","Portugal, 2021","75cl","1.50/10cl"
"1734709793-423","https://www.coop.ch/de/weine/alle-weine/c/m_2508pn=6","Glühwein Heisser Hirsch Rot","4.50","Deutschland","75cl","0.60/10cl"
"1734709793-424","https://www.coop.ch/de/weine/alle-weine/c/m_2508pn=6","Toscana IGT Bianco Villa Antinori","12.50","Italien, 2023","75cl","1.67/10cl"
"1734709793-425","https://www.coop.ch/de/weine/alle-weine/c/m_2508pn=6","Naturaplan Bio-Crémant d'Alsace AOC Wolfberger, brut","10.95","Frankreich","75cl","1.46/10cl"
"1734709793-426","https://www.coop.ch/de/weine/alle-weine/c/m_2508pn=6","Médoc AOC Château Laffitte Laujac","8.95","Frankreich, 2021","75cl","1.19/10cl"
"1734709793-427","https://www.coop.ch/de/weine/alle-weine/c/m_2508pn=6","Valdo Prosecco di Valdobbiadene DOCG","9.95","Italien","75cl","1.33/10cl"
"1734709793-428","https://www.coop.ch/de/weine/alle-weine/c/m_2508pn=6","Rimuss Champion Moscato, alkoholfrei","4.95","Rimuss","75cl","0.66/10cl"
"1734709793-429","https://www.coop.ch/de/weine/alle-weine/c/m_2508pn=6","Freixenet Carta Medium Dry semi seco","6.95","Spanien","75cl","0.93/10cl"
"1734709793-430","https://www.coop.ch/de/weine/alle-weine/c/m_2508pn=6","Champagne AOC Impérial Moët & Chandon, brut","38.50","Frankreich","75cl","5.13/10cl"
"1734709793-431","https://www.coop.ch/de/weine/alle-weine/c/m_2508pn=6","Bourgogne AOC Chardonnay Louis Jadot","18.95","Frankreich, 2022","75cl","2.53/10cl"
"1734709793-432","https://www.coop.ch/de/weine/alle-weine/c/m_2508pn=6","Valais AOC Rosé Oeil de Perdrix Le Rosel 6x  75cl","42.60","Schweiz, 2023","6x 75cl","0.95/10cl"
"1734709793-433","https://www.coop.ch/de/weine/alle-weine/c/m_2508pn=6","Legaris Crianza Ribera del Duero DO","25.50","Spanien, 2021","75cl","3.40/10cl"
"1734709793-434","https://www.coop.ch/de/weine/alle-weine/c/m_2508pn=6","Ripasso della Valpolicella DOC Superiore Vigne Alte Zeni","9.85","Italien, 2022","75cl","1.31/10cl"
"1734709793-435","https://www.coop.ch/de/weine/alle-weine/c/m_2508pn=6","Vino Nobile di Montepulciano DOCG Tenuta Trerose","16.95","Italien, 2020","75cl","2.26/10cl"
"1734709798-436","https://www.coop.ch/de/weine/alle-weine/c/m_2508pn=5","Naturaplan Bio-Prosecco DOC Raphael Dal Bo, extra dry","11.95","Italien","75cl","1.59/10cl"
"1734709798-437","https://www.coop.ch/de/weine/alle-weine/c/m_2508pn=5","Rimuss Party Traubensaft weiss, alkoholfrei","4.20","Rimuss","70cl","0.60/10cl"
"1734709798-438","https://www.coop.ch/de/weine/alle-weine/c/m_2508pn=5","Zürich AOC Staatsschreiber Cuvée Blanc Prestige","12.70","Schweiz, 2023","75cl","1.69/10cl"
"1734709798-439","https://www.coop.ch/de/weine/alle-weine/c/m_2508pn=5","Prosecco Superiore di Valdobbiadene Conegliano DOCG Carpené Malvolti, extra dry","10.95","Italien","75cl","1.46/10cl"
"1734709798-440","https://www.coop.ch/de/weine/alle-weine/c/m_2508pn=5","Aigle Les Murailles Chablais AOC H. Badoux","22.50","Schweiz, 2023","70cl","3.21/10cl"
"1734709798-441","https://www.coop.ch/de/weine/alle-weine/c/m_2508pn=5","Champagne AOC Charles Bertin, brut","19.50","Frankreich","75cl","2.60/10cl"
"1734709798-442","https://www.coop.ch/de/weine/alle-weine/c/m_2508pn=5","Prosecco DOC Vigne dei Dogi, extra dry","6.95","Italien","75cl","0.93/10cl"
"1734709798-443","https://www.coop.ch/de/weine/alle-weine/c/m_2508pn=5","Zürich AOC Federweisser Stauffacher","9.95","Schweiz, 2023","75cl","1.33/10cl"
"1734709798-444","https://www.coop.ch/de/weine/alle-weine/c/m_2508pn=5","Blu Secco Dose Vino Frizzante 6x20cl","8.70","Italien","120cl","0.73/10cl"
"1734709798-445","https://www.coop.ch/de/weine/alle-weine/c/m_2508pn=5","Toscana IGT Rosso Villa Antinori","12.95","Italien, 2022","75cl","1.73/10cl"
"1734709798-446","https://www.coop.ch/de/weine/alle-weine/c/m_2508pn=5","Terre Siciliane IGT Nero d'Avola Bromeus","13.95","Italien, 2022","75cl","1.86/10cl"
"1734709798-447","https://www.coop.ch/de/weine/alle-weine/c/m_2508pn=5","La Côte AOC Grand Cru Perroy Cuvée 48 Cave de Jolimont 6x  70cl","41.70","Schweiz, 2023","6x 70cl","0.99/10cl"
"1734709798-448","https://www.coop.ch/de/weine/alle-weine/c/m_2508pn=5","Lavaux AOC St-Saphorin La Donjannaz Les Terrasses de Lavaux","14.95","Schweiz, 2023","70cl","2.14/10cl"
"1734709798-449","https://www.coop.ch/de/weine/alle-weine/c/m_2508pn=5","Alsace AOP Gewürztraminer Baron de Hoen Beblenheim","7.35","Frankreich, 2022","75cl","0.98/10cl"
"1734709798-450","https://www.coop.ch/de/weine/alle-weine/c/m_2508pn=5","Valais AOC Dôle Blanche Les Bernadettes","9.30","Schweiz, 2023","75cl","1.24/10cl"
"1734709798-451","https://www.coop.ch/de/weine/alle-weine/c/m_2508pn=5","Douro DOC Fabelhaft Niepoort","11.25","Portugal, 2021","75cl","1.50/10cl"
"1734709798-452","https://www.coop.ch/de/weine/alle-weine/c/m_2508pn=5","Glühwein Heisser Hirsch Rot","4.50","Deutschland","75cl","0.60/10cl"
"1734709798-453","https://www.coop.ch/de/weine/alle-weine/c/m_2508pn=5","Toscana IGT Bianco Villa Antinori","12.50","Italien, 2023","75cl","1.67/10cl"
"1734709798-454","https://www.coop.ch/de/weine/alle-weine/c/m_2508pn=5","Naturaplan Bio-Crémant d'Alsace AOC Wolfberger, brut","10.95","Frankreich","75cl","1.46/10cl"
"1734709798-455","https://www.coop.ch/de/weine/alle-weine/c/m_2508pn=5","Médoc AOC Château Laffitte Laujac","8.95","Frankreich, 2021","75cl","1.19/10cl"
"1734709798-456","https://www.coop.ch/de/weine/alle-weine/c/m_2508pn=5","Valdo Prosecco di Valdobbiadene DOCG","9.95","Italien","75cl","1.33/10cl"
"1734709798-457","https://www.coop.ch/de/weine/alle-weine/c/m_2508pn=5","Rimuss Champion Moscato, alkoholfrei","4.95","Rimuss","75cl","0.66/10cl"
"1734709798-458","https://www.coop.ch/de/weine/alle-weine/c/m_2508pn=5","Freixenet Carta Medium Dry semi seco","6.95","Spanien","75cl","0.93/10cl"
"1734709798-459","https://www.coop.ch/de/weine/alle-weine/c/m_2508pn=5","Champagne AOC Impérial Moët & Chandon, brut","38.50","Frankreich","75cl","5.13/10cl"
"1734709798-460","https://www.coop.ch/de/weine/alle-weine/c/m_2508pn=5","Bourgogne AOC Chardonnay Louis Jadot","18.95","Frankreich, 2022","75cl","2.53/10cl"
"1734709798-461","https://www.coop.ch/de/weine/alle-weine/c/m_2508pn=5","Valais AOC Rosé Oeil de Perdrix Le Rosel 6x  75cl","42.60","Schweiz, 2023","6x 75cl","0.95/10cl"
"1734709798-462","https://www.coop.ch/de/weine/alle-weine/c/m_2508pn=5","Legaris Crianza Ribera del Duero DO","25.50","Spanien, 2021","75cl","3.40/10cl"
"1734709798-463","https://www.coop.ch/de/weine/alle-weine/c/m_2508pn=5","Ripasso della Valpolicella DOC Superiore Vigne Alte Zeni","9.85","Italien, 2022","75cl","1.31/10cl"
"1734709798-464","https://www.coop.ch/de/weine/alle-weine/c/m_2508pn=5","Vino Nobile di Montepulciano DOCG Tenuta Trerose","16.95","Italien, 2020","75cl","2.26/10cl"
"1734709803-465","https://www.coop.ch/de/weine/alle-weine/c/m_2508pn=4","Naturaplan Bio-Prosecco DOC Raphael Dal Bo, extra dry","11.95","Italien","75cl","1.59/10cl"
"1734709803-466","https://www.coop.ch/de/weine/alle-weine/c/m_2508pn=4","Rimuss Party Traubensaft weiss, alkoholfrei","4.20","Rimuss","70cl","0.60/10cl"
"1734709803-467","https://www.coop.ch/de/weine/alle-weine/c/m_2508pn=4","Zürich AOC Staatsschreiber Cuvée Blanc Prestige","12.70","Schweiz, 2023","75cl","1.69/10cl"
"1734709803-468","https://www.coop.ch/de/weine/alle-weine/c/m_2508pn=4","Prosecco Superiore di Valdobbiadene Conegliano DOCG Carpené Malvolti, extra dry","10.95","Italien","75cl","1.46/10cl"
"1734709803-469","https://www.coop.ch/de/weine/alle-weine/c/m_2508pn=4","Aigle Les Murailles Chablais AOC H. Badoux","22.50","Schweiz, 2023","70cl","3.21/10cl"
"1734709803-470","https://www.coop.ch/de/weine/alle-weine/c/m_2508pn=4","Champagne AOC Charles Bertin, brut","19.50","Frankreich","75cl","2.60/10cl"
"1734709803-471","https://www.coop.ch/de/weine/alle-weine/c/m_2508pn=4","Prosecco DOC Vigne dei Dogi, extra dry","6.95","Italien","75cl","0.93/10cl"
"1734709803-472","https://www.coop.ch/de/weine/alle-weine/c/m_2508pn=4","Zürich AOC Federweisser Stauffacher","9.95","Schweiz, 2023","75cl","1.33/10cl"
"1734709803-473","https://www.coop.ch/de/weine/alle-weine/c/m_2508pn=4","Blu Secco Dose Vino Frizzante 6x20cl","8.70","Italien","120cl","0.73/10cl"
"1734709803-474","https://www.coop.ch/de/weine/alle-weine/c/m_2508pn=4","Toscana IGT Rosso Villa Antinori","12.95","Italien, 2022","75cl","1.73/10cl"
"1734709803-475","https://www.coop.ch/de/weine/alle-weine/c/m_2508pn=4","Terre Siciliane IGT Nero d'Avola Bromeus","13.95","Italien, 2022","75cl","1.86/10cl"
"1734709803-476","https://www.coop.ch/de/weine/alle-weine/c/m_2508pn=4","La Côte AOC Grand Cru Perroy Cuvée 48 Cave de Jolimont 6x  70cl","41.70","Schweiz, 2023","6x 70cl","0.99/10cl"
"1734709803-477","https://www.coop.ch/de/weine/alle-weine/c/m_2508pn=4","Lavaux AOC St-Saphorin La Donjannaz Les Terrasses de Lavaux","14.95","Schweiz, 2023","70cl","2.14/10cl"
"1734709803-478","https://www.coop.ch/de/weine/alle-weine/c/m_2508pn=4","Alsace AOP Gewürztraminer Baron de Hoen Beblenheim","7.35","Frankreich, 2022","75cl","0.98/10cl"
"1734709803-479","https://www.coop.ch/de/weine/alle-weine/c/m_2508pn=4","Valais AOC Dôle Blanche Les Bernadettes","9.30","Schweiz, 2023","75cl","1.24/10cl"
"1734709803-480","https://www.coop.ch/de/weine/alle-weine/c/m_2508pn=4","Douro DOC Fabelhaft Niepoort","11.25","Portugal, 2021","75cl","1.50/10cl"
"1734709803-481","https://www.coop.ch/de/weine/alle-weine/c/m_2508pn=4","Glühwein Heisser Hirsch Rot","4.50","Deutschland","75cl","0.60/10cl"
"1734709803-482","https://www.coop.ch/de/weine/alle-weine/c/m_2508pn=4","Toscana IGT Bianco Villa Antinori","12.50","Italien, 2023","75cl","1.67/10cl"
"1734709803-483","https://www.coop.ch/de/weine/alle-weine/c/m_2508pn=4","Naturaplan Bio-Crémant d'Alsace AOC Wolfberger, brut","10.95","Frankreich","75cl","1.46/10cl"
"1734709803-484","https://www.coop.ch/de/weine/alle-weine/c/m_2508pn=4","Médoc AOC Château Laffitte Laujac","8.95","Frankreich, 2021","75cl","1.19/10cl"
"1734709803-485","https://www.coop.ch/de/weine/alle-weine/c/m_2508pn=4","Valdo Prosecco di Valdobbiadene DOCG","9.95","Italien","75cl","1.33/10cl"
"1734709803-486","https://www.coop.ch/de/weine/alle-weine/c/m_2508pn=4","Rimuss Champion Moscato, alkoholfrei","4.95","Rimuss","75cl","0.66/10cl"
"1734709803-487","https://www.coop.ch/de/weine/alle-weine/c/m_2508pn=4","Freixenet Carta Medium Dry semi seco","6.95","Spanien","75cl","0.93/10cl"
"1734709803-488","https://www.coop.ch/de/weine/alle-weine/c/m_2508pn=4","Champagne AOC Impérial Moët & Chandon, brut","38.50","Frankreich","75cl","5.13/10cl"
"1734709803-489","https://www.coop.ch/de/weine/alle-weine/c/m_2508pn=4","Bourgogne AOC Chardonnay Louis Jadot","18.95","Frankreich, 2022","75cl","2.53/10cl"
"1734709803-490","https://www.coop.ch/de/weine/alle-weine/c/m_2508pn=4","Valais AOC Rosé Oeil de Perdrix Le Rosel 6x  75cl","42.60","Schweiz, 2023","6x 75cl","0.95/10cl"
"1734709803-491","https://www.coop.ch/de/weine/alle-weine/c/m_2508pn=4","Legaris Crianza Ribera del Duero DO","25.50","Spanien, 2021","75cl","3.40/10cl"
"1734709803-492","https://www.coop.ch/de/weine/alle-weine/c/m_2508pn=4","Ripasso della Valpolicella DOC Superiore Vigne Alte Zeni","9.85","Italien, 2022","75cl","1.31/10cl"
"1734709803-493","https://www.coop.ch/de/weine/alle-weine/c/m_2508pn=4","Vino Nobile di Montepulciano DOCG Tenuta Trerose","16.95","Italien, 2020","75cl","2.26/10cl"
"1734709807-494","https://www.coop.ch/de/weine/alle-weine/c/m_2508pn=3","Naturaplan Bio-Prosecco DOC Raphael Dal Bo, extra dry","11.95","Italien","75cl","1.59/10cl"
"1734709807-495","https://www.coop.ch/de/weine/alle-weine/c/m_2508pn=3","Rimuss Party Traubensaft weiss, alkoholfrei","4.20","Rimuss","70cl","0.60/10cl"
"1734709807-496","https://www.coop.ch/de/weine/alle-weine/c/m_2508pn=3","Zürich AOC Staatsschreiber Cuvée Blanc Prestige","12.70","Schweiz, 2023","75cl","1.69/10cl"
"1734709807-497","https://www.coop.ch/de/weine/alle-weine/c/m_2508pn=3","Prosecco Superiore di Valdobbiadene Conegliano DOCG Carpené Malvolti, extra dry","10.95","Italien","75cl","1.46/10cl"
"1734709807-498","https://www.coop.ch/de/weine/alle-weine/c/m_2508pn=3","Aigle Les Murailles Chablais AOC H. Badoux","22.50","Schweiz, 2023","70cl","3.21/10cl"
"1734709807-499","https://www.coop.ch/de/weine/alle-weine/c/m_2508pn=3","Champagne AOC Charles Bertin, brut","19.50","Frankreich","75cl","2.60/10cl"
"1734709807-500","https://www.coop.ch/de/weine/alle-weine/c/m_2508pn=3","Prosecco DOC Vigne dei Dogi, extra dry","6.95","Italien","75cl","0.93/10cl"
"1734709807-501","https://www.coop.ch/de/weine/alle-weine/c/m_2508pn=3","Zürich AOC Federweisser Stauffacher","9.95","Schweiz, 2023","75cl","1.33/10cl"
"1734709807-502","https://www.coop.ch/de/weine/alle-weine/c/m_2508pn=3","Blu Secco Dose Vino Frizzante 6x20cl","8.70","Italien","120cl","0.73/10cl"
"1734709807-503","https://www.coop.ch/de/weine/alle-weine/c/m_2508pn=3","Toscana IGT Rosso Villa Antinori","12.95","Italien, 2022","75cl","1.73/10cl"
"1734709807-504","https://www.coop.ch/de/weine/alle-weine/c/m_2508pn=3","Terre Siciliane IGT Nero d'Avola Bromeus","13.95","Italien, 2022","75cl","1.86/10cl"
"1734709807-505","https://www.coop.ch/de/weine/alle-weine/c/m_2508pn=3","La Côte AOC Grand Cru Perroy Cuvée 48 Cave de Jolimont 6x  70cl","41.70","Schweiz, 2023","6x 70cl","0.99/10cl"
"1734709807-506","https://www.coop.ch/de/weine/alle-weine/c/m_2508pn=3","Lavaux AOC St-Saphorin La Donjannaz Les Terrasses de Lavaux","14.95","Schweiz, 2023","70cl","2.14/10cl"
"1734709807-507","https://www.coop.ch/de/weine/alle-weine/c/m_2508pn=3","Alsace AOP Gewürztraminer Baron de Hoen Beblenheim","7.35","Frankreich, 2022","75cl","0.98/10cl"
"1734709807-508","https://www.coop.ch/de/weine/alle-weine/c/m_2508pn=3","Valais AOC Dôle Blanche Les Bernadettes","9.30","Schweiz, 2023","75cl","1.24/10cl"
"1734709807-509","https://www.coop.ch/de/weine/alle-weine/c/m_2508pn=3","Douro DOC Fabelhaft Niepoort","11.25","Portugal, 2021","75cl","1.50/10cl"
"1734709807-510","https://www.coop.ch/de/weine/alle-weine/c/m_2508pn=3","Glühwein Heisser Hirsch Rot","4.50","Deutschland","75cl","0.60/10cl"
"1734709807-511","https://www.coop.ch/de/weine/alle-weine/c/m_2508pn=3","Toscana IGT Bianco Villa Antinori","12.50","Italien, 2023","75cl","1.67/10cl"
"1734709807-512","https://www.coop.ch/de/weine/alle-weine/c/m_2508pn=3","Naturaplan Bio-Crémant d'Alsace AOC Wolfberger, brut","10.95","Frankreich","75cl","1.46/10cl"
"1734709807-513","https://www.coop.ch/de/weine/alle-weine/c/m_2508pn=3","Médoc AOC Château Laffitte Laujac","8.95","Frankreich, 2021","75cl","1.19/10cl"
"1734709807-514","https://www.coop.ch/de/weine/alle-weine/c/m_2508pn=3","Valdo Prosecco di Valdobbiadene DOCG","9.95","Italien","75cl","1.33/10cl"
"1734709807-515","https://www.coop.ch/de/weine/alle-weine/c/m_2508pn=3","Rimuss Champion Moscato, alkoholfrei","4.95","Rimuss","75cl","0.66/10cl"
"1734709807-516","https://www.coop.ch/de/weine/alle-weine/c/m_2508pn=3","Freixenet Carta Medium Dry semi seco","6.95","Spanien","75cl","0.93/10cl"
"1734709807-517","https://www.coop.ch/de/weine/alle-weine/c/m_2508pn=3","Champagne AOC Impérial Moët & Chandon, brut","38.50","Frankreich","75cl","5.13/10cl"
"1734709807-518","https://www.coop.ch/de/weine/alle-weine/c/m_2508pn=3","Bourgogne AOC Chardonnay Louis Jadot","18.95","Frankreich, 2022","75cl","2.53/10cl"
"1734709807-519","https://www.coop.ch/de/weine/alle-weine/c/m_2508pn=3","Valais AOC Rosé Oeil de Perdrix Le Rosel 6x  75cl","42.60","Schweiz, 2023","6x 75cl","0.95/10cl"
"1734709807-520","https://www.coop.ch/de/weine/alle-weine/c/m_2508pn=3","Legaris Crianza Ribera del Duero DO","25.50","Spanien, 2021","75cl","3.40/10cl"
"1734709807-521","https://www.coop.ch/de/weine/alle-weine/c/m_2508pn=3","Ripasso della Valpolicella DOC Superiore Vigne Alte Zeni","9.85","Italien, 2022","75cl","1.31/10cl"
"1734709807-522","https://www.coop.ch/de/weine/alle-weine/c/m_2508pn=3","Vino Nobile di Montepulciano DOCG Tenuta Trerose","16.95","Italien, 2020","75cl","2.26/10cl"
"1734709812-523","https://www.coop.ch/de/weine/alle-weine/c/m_2508pn=2","Naturaplan Bio-Prosecco DOC Raphael Dal Bo, extra dry","11.95","Italien","75cl","1.59/10cl"
"1734709812-524","https://www.coop.ch/de/weine/alle-weine/c/m_2508pn=2","Rimuss Party Traubensaft weiss, alkoholfrei","4.20","Rimuss","70cl","0.60/10cl"
"1734709812-525","https://www.coop.ch/de/weine/alle-weine/c/m_2508pn=2","Zürich AOC Staatsschreiber Cuvée Blanc Prestige","12.70","Schweiz, 2023","75cl","1.69/10cl"
"1734709812-526","https://www.coop.ch/de/weine/alle-weine/c/m_2508pn=2","Prosecco Superiore di Valdobbiadene Conegliano DOCG Carpené Malvolti, extra dry","10.95","Italien","75cl","1.46/10cl"
"1734709812-527","https://www.coop.ch/de/weine/alle-weine/c/m_2508pn=2","Aigle Les Murailles Chablais AOC H. Badoux","22.50","Schweiz, 2023","70cl","3.21/10cl"
"1734709812-528","https://www.coop.ch/de/weine/alle-weine/c/m_2508pn=2","Champagne AOC Charles Bertin, brut","19.50","Frankreich","75cl","2.60/10cl"
"1734709812-529","https://www.coop.ch/de/weine/alle-weine/c/m_2508pn=2","Prosecco DOC Vigne dei Dogi, extra dry","6.95","Italien","75cl","0.93/10cl"
"1734709812-530","https://www.coop.ch/de/weine/alle-weine/c/m_2508pn=2","Zürich AOC Federweisser Stauffacher","9.95","Schweiz, 2023","75cl","1.33/10cl"
"1734709812-531","https://www.coop.ch/de/weine/alle-weine/c/m_2508pn=2","Blu Secco Dose Vino Frizzante 6x20cl","8.70","Italien","120cl","0.73/10cl"
"1734709812-532","https://www.coop.ch/de/weine/alle-weine/c/m_2508pn=2","Toscana IGT Rosso Villa Antinori","12.95","Italien, 2022","75cl","1.73/10cl"
"1734709812-533","https://www.coop.ch/de/weine/alle-weine/c/m_2508pn=2","Terre Siciliane IGT Nero d'Avola Bromeus","13.95","Italien, 2022","75cl","1.86/10cl"
"1734709812-534","https://www.coop.ch/de/weine/alle-weine/c/m_2508pn=2","La Côte AOC Grand Cru Perroy Cuvée 48 Cave de Jolimont 6x  70cl","41.70","Schweiz, 2023","6x 70cl","0.99/10cl"
"1734709812-535","https://www.coop.ch/de/weine/alle-weine/c/m_2508pn=2","Lavaux AOC St-Saphorin La Donjannaz Les Terrasses de Lavaux","14.95","Schweiz, 2023","70cl","2.14/10cl"
"1734709812-536","https://www.coop.ch/de/weine/alle-weine/c/m_2508pn=2","Alsace AOP Gewürztraminer Baron de Hoen Beblenheim","7.35","Frankreich, 2022","75cl","0.98/10cl"
"1734709812-537","https://www.coop.ch/de/weine/alle-weine/c/m_2508pn=2","Valais AOC Dôle Blanche Les Bernadettes","9.30","Schweiz, 2023","75cl","1.24/10cl"
"1734709812-538","https://www.coop.ch/de/weine/alle-weine/c/m_2508pn=2","Douro DOC Fabelhaft Niepoort","11.25","Portugal, 2021","75cl","1.50/10cl"
"1734709812-539","https://www.coop.ch/de/weine/alle-weine/c/m_2508pn=2","Glühwein Heisser Hirsch Rot","4.50","Deutschland","75cl","0.60/10cl"
"1734709812-540","https://www.coop.ch/de/weine/alle-weine/c/m_2508pn=2","Toscana IGT Bianco Villa Antinori","12.50","Italien, 2023","75cl","1.67/10cl"
"1734709812-541","https://www.coop.ch/de/weine/alle-weine/c/m_2508pn=2","Naturaplan Bio-Crémant d'Alsace AOC Wolfberger, brut","10.95","Frankreich","75cl","1.46/10cl"
"1734709812-542","https://www.coop.ch/de/weine/alle-weine/c/m_2508pn=2","Médoc AOC Château Laffitte Laujac","8.95","Frankreich, 2021","75cl","1.19/10cl"
"1734709812-543","https://www.coop.ch/de/weine/alle-weine/c/m_2508pn=2","Valdo Prosecco di Valdobbiadene DOCG","9.95","Italien","75cl","1.33/10cl"
"1734709812-544","https://www.coop.ch/de/weine/alle-weine/c/m_2508pn=2","Rimuss Champion Moscato, alkoholfrei","4.95","Rimuss","75cl","0.66/10cl"
"1734709812-545","https://www.coop.ch/de/weine/alle-weine/c/m_2508pn=2","Freixenet Carta Medium Dry semi seco","6.95","Spanien","75cl","0.93/10cl"
"1734709812-546","https://www.coop.ch/de/weine/alle-weine/c/m_2508pn=2","Champagne AOC Impérial Moët & Chandon, brut","38.50","Frankreich","75cl","5.13/10cl"
"1734709812-547","https://www.coop.ch/de/weine/alle-weine/c/m_2508pn=2","Bourgogne AOC Chardonnay Louis Jadot","18.95","Frankreich, 2022","75cl","2.53/10cl"
"1734709812-548","https://www.coop.ch/de/weine/alle-weine/c/m_2508pn=2","Valais AOC Rosé Oeil de Perdrix Le Rosel 6x  75cl","42.60","Schweiz, 2023","6x 75cl","0.95/10cl"
"1734709812-549","https://www.coop.ch/de/weine/alle-weine/c/m_2508pn=2","Legaris Crianza Ribera del Duero DO","25.50","Spanien, 2021","75cl","3.40/10cl"
"1734709812-550","https://www.coop.ch/de/weine/alle-weine/c/m_2508pn=2","Ripasso della Valpolicella DOC Superiore Vigne Alte Zeni","9.85","Italien, 2022","75cl","1.31/10cl"
"1734709812-551","https://www.coop.ch/de/weine/alle-weine/c/m_2508pn=2","Vino Nobile di Montepulciano DOCG Tenuta Trerose","16.95","Italien, 2020","75cl","2.26/10cl"
"1734709816-552","https://www.coop.ch/de/weine/alle-weine/c/m_2508pn=1","Naturaplan Bio-Prosecco DOC Raphael Dal Bo, extra dry","11.95","Italien","75cl","1.59/10cl"
"1734709816-553","https://www.coop.ch/de/weine/alle-weine/c/m_2508pn=1","Rimuss Party Traubensaft weiss, alkoholfrei","4.20","Rimuss","70cl","0.60/10cl"
"1734709816-554","https://www.coop.ch/de/weine/alle-weine/c/m_2508pn=1","Zürich AOC Staatsschreiber Cuvée Blanc Prestige","12.70","Schweiz, 2023","75cl","1.69/10cl"
"1734709816-555","https://www.coop.ch/de/weine/alle-weine/c/m_2508pn=1","Prosecco Superiore di Valdobbiadene Conegliano DOCG Carpené Malvolti, extra dry","10.95","Italien","75cl","1.46/10cl"
"1734709816-556","https://www.coop.ch/de/weine/alle-weine/c/m_2508pn=1","Aigle Les Murailles Chablais AOC H. Badoux","22.50","Schweiz, 2023","70cl","3.21/10cl"
"1734709816-557","https://www.coop.ch/de/weine/alle-weine/c/m_2508pn=1","Champagne AOC Charles Bertin, brut","19.50","Frankreich","75cl","2.60/10cl"
"1734709816-558","https://www.coop.ch/de/weine/alle-weine/c/m_2508pn=1","Prosecco DOC Vigne dei Dogi, extra dry","6.95","Italien","75cl","0.93/10cl"
"1734709816-559","https://www.coop.ch/de/weine/alle-weine/c/m_2508pn=1","Zürich AOC Federweisser Stauffacher","9.95","Schweiz, 2023","75cl","1.33/10cl"
"1734709816-560","https://www.coop.ch/de/weine/alle-weine/c/m_2508pn=1","Blu Secco Dose Vino Frizzante 6x20cl","8.70","Italien","120cl","0.73/10cl"
"1734709816-561","https://www.coop.ch/de/weine/alle-weine/c/m_2508pn=1","Toscana IGT Rosso Villa Antinori","12.95","Italien, 2022","75cl","1.73/10cl"
"1734709816-562","https://www.coop.ch/de/weine/alle-weine/c/m_2508pn=1","Terre Siciliane IGT Nero d'Avola Bromeus","13.95","Italien, 2022","75cl","1.86/10cl"
"1734709816-563","https://www.coop.ch/de/weine/alle-weine/c/m_2508pn=1","La Côte AOC Grand Cru Perroy Cuvée 48 Cave de Jolimont 6x  70cl","41.70","Schweiz, 2023","6x 70cl","0.99/10cl"
"1734709816-564","https://www.coop.ch/de/weine/alle-weine/c/m_2508pn=1","Lavaux AOC St-Saphorin La Donjannaz Les Terrasses de Lavaux","14.95","Schweiz, 2023","70cl","2.14/10cl"
"1734709816-565","https://www.coop.ch/de/weine/alle-weine/c/m_2508pn=1","Alsace AOP Gewürztraminer Baron de Hoen Beblenheim","7.35","Frankreich, 2022","75cl","0.98/10cl"
"1734709816-566","https://www.coop.ch/de/weine/alle-weine/c/m_2508pn=1","Valais AOC Dôle Blanche Les Bernadettes","9.30","Schweiz, 2023","75cl","1.24/10cl"
"1734709816-567","https://www.coop.ch/de/weine/alle-weine/c/m_2508pn=1","Douro DOC Fabelhaft Niepoort","11.25","Portugal, 2021","75cl","1.50/10cl"
"1734709816-568","https://www.coop.ch/de/weine/alle-weine/c/m_2508pn=1","Glühwein Heisser Hirsch Rot","4.50","Deutschland","75cl","0.60/10cl"
"1734709816-569","https://www.coop.ch/de/weine/alle-weine/c/m_2508pn=1","Toscana IGT Bianco Villa Antinori","12.50","Italien, 2023","75cl","1.67/10cl"
"1734709816-570","https://www.coop.ch/de/weine/alle-weine/c/m_2508pn=1","Naturaplan Bio-Crémant d'Alsace AOC Wolfberger, brut","10.95","Frankreich","75cl","1.46/10cl"
"1734709816-571","https://www.coop.ch/de/weine/alle-weine/c/m_2508pn=1","Médoc AOC Château Laffitte Laujac","8.95","Frankreich, 2021","75cl","1.19/10cl"
"1734709816-572","https://www.coop.ch/de/weine/alle-weine/c/m_2508pn=1","Valdo Prosecco di Valdobbiadene DOCG","9.95","Italien","75cl","1.33/10cl"
"1734709816-573","https://www.coop.ch/de/weine/alle-weine/c/m_2508pn=1","Rimuss Champion Moscato, alkoholfrei","4.95","Rimuss","75cl","0.66/10cl"
"1734709816-574","https://www.coop.ch/de/weine/alle-weine/c/m_2508pn=1","Freixenet Carta Medium Dry semi seco","6.95","Spanien","75cl","0.93/10cl"
"1734709816-575","https://www.coop.ch/de/weine/alle-weine/c/m_2508pn=1","Champagne AOC Impérial Moët & Chandon, brut","38.50","Frankreich","75cl","5.13/10cl"
"1734709816-576","https://www.coop.ch/de/weine/alle-weine/c/m_2508pn=1","Bourgogne AOC Chardonnay Louis Jadot","18.95","Frankreich, 2022","75cl","2.53/10cl"
"1734709816-577","https://www.coop.ch/de/weine/alle-weine/c/m_2508pn=1","Valais AOC Rosé Oeil de Perdrix Le Rosel 6x  75cl","42.60","Schweiz, 2023","6x 75cl","0.95/10cl"
"1734709816-578","https://www.coop.ch/de/weine/alle-weine/c/m_2508pn=1","Legaris Crianza Ribera del Duero DO","25.50","Spanien, 2021","75cl","3.40/10cl"
"1734709816-579","https://www.coop.ch/de/weine/alle-weine/c/m_2508pn=1","Ripasso della Valpolicella DOC Superiore Vigne Alte Zeni","9.85","Italien, 2022","75cl","1.31/10cl"
"1734709816-580","https://www.coop.ch/de/weine/alle-weine/c/m_2508pn=1","Vino Nobile di Montepulciano DOCG Tenuta Trerose","16.95","Italien, 2020","75cl","2.26/10cl"
